"Regen_Plot","firesev","dist.to.low"
"STY0900039",4,31.5323978799451
"STY0900047",3,0
"STY0900040",4,35.2814393505629
"STY0900048",3,0
"STY0900051",3,0
"STY0900055",3,0
"STY0900056",3,14.1476434422657
"STY0900061",3,0
"STY0900059",4,45.3511001067135
"STY0900060",4,47.0033867054274
"STY0900064",3,8.11350425612181
"STY0900063",4,27.0421121717962
"STY0900046",4,27.2414917347233
"STY0900035",1,3.79432763464104
"STY0900045",4,19.8257235444617
"STY0900002",4,11.9519096501347
"STY0900007",3,18.9480515789782
"STY0900006",3,4.2531635570047
"STY0900009",4,39.6017999816686
"STY0900078",3,0
"STY0900077",2,0
"STY0900044",1,0
"STY0900076",4,13.1456308347784
"STY0900074",3,1.332809145385
"STY0900075",2,0.536806873530636
"STY0900071",4,81.7601389974759
"STY0900072",4,29.5751439931337
"STY0900065",4,49.2511868802831
"STY0900066",4,60.004470762331
"STY0900062",4,62.933912387775
"STY0900058",3,0
"STY0900057",4,75.6367985631168
"STY0900001",3,6.40977283399161
"STY0900005",4,75.3652931326748
"STY0900008",3,1.48135693537524
"STY0900011",4,32.2013881411591
"STY0900016",3,17.9479413086134
"STY0900020",3,0.751407836187366
"STY0900025",4,31.7292816908134
"STY0900029",4,48.9509828971684
"STY0900037",4,38.9251887836023
"STY0900041",2,0
"STY0900036",3,9.36471768157202
"STY0900033",3,1.75104002031645
"STY0900028",4,27.7964481981905
"STY0900024",4,34.408850458035
"STY0900023",4,24.9825728182462
"STY0900052",3,0
"STY0900053",3,1.87647871009815
"STY0900043",2,0
"STY0900042",4,21.1584129049443
"STY0900050",3,11.106225012527
"STY0900038",4,14.7529969676912
"STY0900031",3,0
"STY0900030",4,80.0967268625766
"STY0900019",4,101.870920128949
"STY0900014",4,18.02201555345
"STY0900013",2,5.4993407218717
"STY0900017",4,34.4197965326429
"STY0900012",4,35.6292618900257
"STY0900018",2,0
"STY0900021",4,49.5019242825799
"STY0900027",4,11.2403372242743
"STY0900026",3,5.54464441305026
"PWR0900215",2,0
"PWR0900214",3,0
"PWR0900207",2,0
"PWR0900206",4,32.5160378256868
"PWR0900180",4,39.5245670360677
"PWR0900194",2,0
"PWR0900182",4,18.0700711007976
"PWR0900183",4,39.185398245416
"PWR0900195",3,0
"PWR0900181",4,55.4485926825223
"PWR0900173",2,0
"PWR0900172",4,29.7660396596557
"PWR0900163",4,47.1284733248909
"PWR0900162",4,41.1727634235223
"PWR0900160",4,56.575455965448
"PWR0900159",3,0
"PWR0900151",4,38.1092826428578
"PWR0900150",2,0
"PWR0900149",4,53.6224132040003
"PWR0900148",3,3.54384343761412
"PWR0900146",4,95.5479555333297
"PWR0900145",4,103.442178793142
"PWR0900144",3,13.8795969749335
"PWR0900143",1,0
"PWR0900140",3,0
"PWR0900164",4,20.5508563390889
"PWR0900135",3,10.5632872744083
"PWR0900161",4,109.690225730316
"PWR0900134",4,110.255032942609
"PWR0900122",3,0
"PWR0900121",3,0
"PWR0900120",3,0
"PWR0900086",4,39.1931672506853
"PWR0900114",2,0
"PWR0900077",4,32.6195973632615
"PWR0900099",3,0
"PWR0900078",3,1.4373029373884
"PWR0900098",3,0
"PWR0900097",2,0
"PWR0900095",3,8.76108217387451
"PWR0900094",2,0
"PWR0900091",4,39.1493699346106
"PWR0900092",4,43.0342300615922
"PWR0900115",4,37.3710401758806
"PWR0900090",4,92.9735473295145
"PWR0900072",3,3.87116402696416
"PWR0900087",4,147.356811311101
"PWR0900100",4,77.4295678451384
"PWR0900079",2,10.0682319685708
"PWR0900070",3,13.2934874616446
"PWR0900068",3,12.1208394972359
"PWR0900069",2,0
"PWR0900067",4,33.629329187306
"PWR0900066",4,14.7022807228729
"PWR0900063",4,67.3916420655275
"PWR0900064",3,0
"PWR0900071",4,57.1984694146533
"PWR0900060",4,22.0270238002128
"PWR0900059",4,36.419564515882
"PWR0900058",4,52.409868357346
"PWR0900057",4,48.3061577391273
"PWR0900040",4,48.37244662797
"PWR0900055",4,69.7644265016957
"PWR0900054",4,49.0373933514667
"PWR0900053",4,50.6318037367054
"PWR0900052",4,75.0690859981445
"PWR0900051",4,84.3764934891075
"PWR0900050",4,38.9571133339815
"PWR0900034",3,7.5643688975223
"PWR0900043",4,181.805408115884
"PWR0900042",3,0
"PWR0900041",4,125.309324838875
"PWR0900039",3,0
"PWR0900049",2,0
"PWR0900037",4,18.3252443532784
"PWR0900033",4,186.255347208986
"PWR0900027",4,60.3496242978459
"PWR0900016",2,0
"PWR0900018",3,0
"PWR0900026",3,0
"PWR0900127",3,0
"PWR0900153",3,0
"PWR0900126",3,0
"PWR0900125",3,0
"PWR0900152",2,0
"PWR0900123",2,0
"PWR0900124",2,0
"PWR0900101",3,5.86903635412455
"PWR0900102",3,0
"PWR0900103",4,48.7303064862942
"PWR0900080",3,0
"PWR0900081",2,4.79614486807676
"PWR0900048",3,5.29203469119584
"PWR0900260",2,0
"PWR0900259",2,0
"PWR0900074",3,0
"PWR0900075",4,30
"PWR0900061",4,19.206865253366
"PWR0900045",4,57.0779984075639
"PWR0900046",3,9.94350875207621
"PWR0900047",3,5.11264512385242
"PWR0900028",3,0
"PWR0900029",2,0
"PWR0900030",3,7.36797831814924
"PWR0900024",3,0
"PWR0900089",4,63.6865029496566
"PWR0900073",4,65.9856435305064
"PWR0900187",3,8.76603341684677
"PWR0900088",4,37.5394870854232
"PWR0900202",4,30
"PWR0900142",4,28.5111944532842
"PWR0900189",3,0
"PWR0900188",4,21.0921026798896
"PWR0900258",4,46.9399026297968
"PWR0900209",3,0.417154973490696
"PWR0900197",4,72.7946332053116
"PWR0900198",3,0
"PWR0900220",4,29.8334169784959
"PWR0900219",4,21.1022297623713
"PWR0900233",3,5.14772575930692
"PWR0900245",3,0.64305309462361
"PWR0900255",2,0
"PWR0900247",3,0
"PWR0900256",1,0
"PWR0900242",3,2.60846121166833
"PWR0900277",2,0
"PWR0900274",3,0
"PWR0900141",3,4.12817281810567
"PWR0900244",4,30
"PWR0900119",3,1.64391613428777
"PWR0900118",4,93.1365905443591
"PWR0900136",4,95.7359135435754
"PWR0900199",4,28.1722368289335
"PWR0900165",4,47.9405446823507
"PWR0900184",4,71.8041933615066
"PWR0900023",3,14.5974077826571
"PWR0900170",4,33.9518823655524
"PWR0900169",4,31.2302973057695
"PWR0900223",3,0
"PWR0900224",4,16.6304597904357
"PWR0900225",3,1.61476947343908
"PWR0900236",3,0
"PWR0900222",2,0
"PWR0900190",4,18.0001484584063
"PWR0900191",2,0
"PWR0900282",3,0
"PWR0900281",3,0
"PWR0900271",3,4.58524126695174
"PWR0900272",3,6.43185614392082
"PWR0900263",4,30.2548923378575
"PWR0900261",3,0
"PWR0900262",4,28.0111709127668
"PWR0900283",1,0
"PWR0900248",2,0
"PWR0900266",3,0
"PWR0900139",3,0
"PWR1300104",0,0
"PWR1300292",1,0
"PWR1300291",0,0
"PWR1300309",0,0
"PWR1300308",0,0
"PWR1300548",0,0
"PWR1300546",0,0
"PWR1300569",0,0
"PWR1300571",0,0
"PWR1300572",0,0
"PWR1300103",0,0
"PWR1300112",0,0
"FRD0900091",4,46.5121277017194
"FRD0900030",3,0
"FRD0900031",4,25.3730949542951
"FRD0900092",4,44.0905383529582
"FRD0900033",4,27.5698537591602
"FRD0900032",3,1.8890641448088
"FRD0900035",4,14.8165304515859
"FRD0900034",3,0
"FRD0900097",4,121.521151809867
"FRD0900077",4,177.362201841335
"FRD0900098",4,93.1102213391808
"FRD0900075",4,31.0960047866346
"FRD0900076",4,113.812668107504
"FRD0900054",4,213.001183931701
"FRD0900053",4,136.578348879305
"FRD0900040",3,18.8437004992601
"FRD0900041",4,32.7193880281716
"FRD0900038",4,80.7548232434192
"FRD0900039",4,60.7387398860739
"FRD0900122",3,0
"FRD0900121",3,0
"FRD0900071",3,13.0162941678427
"FRD0900093",3,1.40547340246849
"FRD0900069",4,30.4691159970922
"FRD0900070",4,29.6548089556294
"FRD0900044",3,0
"FRD0900067",4,85.9407616301066
"FRD0900068",3,2.79506221245108
"FRD0900045",2,0.0111319507165193
"FRD0900089",4,200.620052959419
"FRD0900134",2,0
"FRD0900135",2,0
"FRD0900132",3,7.15491093997844
"FRD0900087",3,10.5944506102242
"FRD0900066",3,0
"FRD0900088",3,0
"FRD0900065",4,61.3194856800081
"FRD0900064",4,28.8965534309472
"FRD0900062",3,7.4038967799861
"FRD0900063",4,16.1739468887449
"FRD0900023",3,12.261062101461
"FRD0900022",4,34.8678091193473
"FRD0900037",4,91.3960191631532
"FRD0900036",4,78.515071883435
"FRD0900046",2,0.446565800343387
"FRD0900048",4,22.4964212425984
"FRD0900047",3,0
"FRD0900050",3,0
"FRD0900049",4,31.4430820592787
"FRD0900074",3,0
"FRD0900051",4,124.54420535641
"FRD0900052",4,78.899468760134
"FRD0900096",3,0
"FRD0900082",3,10.4270057780668
"FRD0900081",3,4.99588597159598
"FRD0900095",3,1.16012676010049
"FRD0900094",3,0
"FRD0900072",4,36.056471128489
"FRD0900073",4,61.822840300716
"FRD0900103",4,33.7901601165414
"FRD0900080",4,67.6705699520219
"FRD0900123",4,47.3392024957691
"FRD0900120",2,0
"FRD0900105",4,24.8628759466006
"FRD0900106",4,39.6814354555922
"FRD0900104",2,0
"FRD0900102",4,68.7260387914699
"FRD0900129",3,0.345989549911553
"FRD0900115",3,7.03910713373716
"FRD0900128",3,0
"FRD0900108",4,50.7449564238608
"FRD0900090",4,141.823951917052
"FRD0900124",4,49.9986554244533
"FRD0900125",2,0
"FRD0900061",4,38.3266586028405
"FRD0900060",4,17.5516964213457
"FRD0900059",3,16.7412966095146
"FRD0900042",4,63.3301458045616
"FRD0900043",3,0
"FRD0900028",4,36.9463387532297
"FRD0900027",4,56.9416349967942
"FRD0900021",4,25.9384433698314
"FRD0900029",4,18.5826647020876
"FRD0900020",3,3.93358975814031
"FRD0900019",4,42.5669582884529
"FRD0900107",4,66.8457287851052
"FRD0900058",4,40.4645179952849
"FRD0900100",4,109.38443378473
"FRD0900101",3,0
"FRD0900117",4,68.8636204779069
"FRD0900055",3,0
"FRD0900056",3,0
"FRD0900057",3,7.80424068106062
"FRD0900079",3,0
"FRD0900078",4,138.646334093159
"FRD0900099",4,32.9040851419218
"FRD0900084",3,6.72847590594225
"FRD0900083",3,5.30389240896329
"FRD0900119",4,15.1041049957275
"FRD0900118",4,29.0859507583812
"FRD0900086",4,92.3120094480092
"FRD0900085",3,0
"FRD0900026",3,10.3626615772852
"FRD0900007",3,0
"FRD0900008",4,87.535325238278
"FRD0900009",4,49.5744573433301
"FRD0900010",3,0
"FRD0900013",3,1.2004922381662
"FRD0900111",3,2.34110587749259
"FRD0900126",3,0
"FRD0900109",4,62.4115392423192
"FRD0900110",4,29.2287565504666
"FRD0900131",4,8.60903070216754
"FRD0900130",3,0
"FRD0900012",4,48.7923507262021
"FRD0900015",4,69.2894391631719
"FRD0900011",4,90.2417146205881
"FRD0900017",4,143.670277167558
"FRD0900014",4,43.4560160882719
"FRD0900024",4,98.4527771666261
"FRD0900016",4,104.951087293049
"FRD0900025",3,0
"FRD1100197",2,0
"FRD1100202",0,0
"FRD1100182",1,0
"FRD1100213",0,0
"FRD1100216",0,0
"FRD1100205",0,0
"FRD1100184",0,0
"FRD1100183",0,0
"FRD1100203",0,0
"FRD1100024",1,0
"FRD1100025",2,0
"FRD0900133",3,1.63757968740538
"FRD1200022",3,0
"FRD1200031",3,0
"FRD1200033",4,36.8713856764892
"FRD1200034",3,0
"FRD1200035",2,6.96909076077624
"FRD1200047",2,0
"FRD1200048",3,0
"FRD1200049",3,4.34796553663909
"FRD1200050",2,0
"FRD1200060",4,31.9670881153289
"FRD1200061",3,0
"FRD1200062",3,6.08792436433428
"FRD1200063",4,54.8254338265397
"FRD1200065",3,6.23305354919285
"FRD1200070",4,19.9069854129806
"FRD1200079",4,15.9428957477924
"FRD1200080",4,53.1757512823572
"FRD1200082",3,14.1419916245105
"FRD1200083",3,8.82421803243767
"FRD1200084",4,30
"FRD1200085",4,80.6958760920264
"FRD1200090",2,0
"FRD1200092",3,0
"FRD1200093",4,29.4208490793855
"FRD1200099",4,30.9375799104004
"FRD1200102",0,0
"FRD1200103",3,9.43316764617339
"FRD1200104",3,0
"FRD1200105",4,27.6250958573073
"FRD1200106",2,0
"FRD1200107",4,30.0727694681061
"FRD1200109",1,0
"FRD1200117",0,0
"FRD1200123",1,0
"FRD1200124",2,0
"FRD1200125",4,28.754668562673
"FRD1200126",0,0
"FRD1200130",0,0
"FRD1200134",1,0
"FRD1200135",1,0
"FRD1200183",2,0
"FRD1200185",0,0
"FRD1200229",3,0
"FRD1200268",3,0
"FRD1200269",4,22.3655853321662
"FRD1200270",2,0
"FRD1200271",2,0
"FRD1200302",3,5.80076192509328
"FRD1200032",3,0
"FRN1200002",0,0
"FRN1200008",0,0
"FRN1200013",1,0
"FRN1200017",2,0
"FRN1200018",2,0
"FRN1200019",3,0
"FRN1200024",4,18.0028595531271
"FRN1200028",1,0
"FRN1200030",1,0
"FRN1200034",4,41.107939602518
"FRN1200035",2,0
"FRN1200036",2,0
"FRN1200041",4,30
"FRN1200043",4,25.5365696100673
"FRN1200044",1,0
"FRN1200049",4,17.2729740174198
"FRN1200051",2,0
"FRN1200063",2,0
"FRN1200070",3,0
"FRN1200090",3,0
"FRN1200091",3,3.55301515744024
"FRN1200097",1,0
"FRN1200131",4,71.9240022353965
"FRN1200132",1,0
"FRN1200136",0,0
"FRN1200138",2,0
"FRN1200172",4,31.2902579272467
"FRN1200180",4,17.3722354588099
"FRN1200184",1,0
"FRN1200186",0,0
"FRN1200221",3,0
"FRN1200225",4,53.6470827893621
"FRN1200231",2,0
"FRN1200305",2,0
"FRN1200307",3,0
"FRN1200322",4,33.6068996938077
"FRN1200324",4,25.9031754969619
"FRN1200376",3,0
"FRN1200377",4,25.5638041153654
"FRN1200378",3,0
"FRN1200382",4,58.1689342693426
"FRN1200394",4,33.0413766955022
"FRN1200398",3,13.0014166196343
"FRN1200014",2,0
"FRN1200015",2,0
"FRN1200016",3,0
"FRN1200026",2,0
"FRN1200037",3,0
"FRN1200038",3,0
"FRN1200039",2,0
"FRD1200030",4,38.1556013807007
"FRD1200056",3,12.5771186936879
"FRD1200058",2,0
"FRD1200064",3,9.20794317804667
"FRD1200066",3,0
"FRD1200067",4,85.7002034471378
"FRD1200069",4,28.0498663857783
"FRD1200071",3,6.85342073813081
"FRD1200108",0,0
"FRD1200111",1,0
"FRD1200133",2,0
"FRD1200140",4,28.4356857644094
"FRN1200007",2,0
"FRN1200025",0,0
"FRN1200027",2,0
"FRN1200029",1,0
"FRN1200137",1,0
"FRN1200143",0,0
"FRN1200226",4,26.7875958308724
"FRN1200230",3,0
"FRN1200232",2,0
"FRN1200306",3,0
"FRN1200308",2,0
"FRN1200323",2,0
"FRN1200325",2,20.8115615095009
"FRN1200329",2,0
"FRN1200358",3,0
"FRN1200360",2,0
"FRN1200395",4,33.6742722477427
"FRN1200397",3,0
"FRN1200399",3,1.10548362654856
"DEP0900011",4,33.0477056554519
"DEP0900027",4,68.6952619192097
"DEP0900028",4,67.2767665267905
"DEP0900031",4,64.2321256528371
"DEP0900042",4,28.8866766931049
"DEP0900041",3,0
"DEP0900016",4,25.8685375626186
"DEP0900022",4,53.9350443914241
"DEP0900009",4,57.3882474306913
"DEP0900008",4,45.383681232827
"DEP0900006",4,74.4560116003267
"DEP0900007",2,4.46970995950704
"DEP0900033",4,104.820238965001
"DEP0900032",4,52.254054894441
"DEP0900002",3,3.03931490145624
"DEP0900004",2,0
"DEP0900010",4,89.0747489924543
"DEP0900001",4,31.1482551006244
"DEP0900019",4,25.776382115159
"DEP0900018",4,82.9753609517092
"DEP0900012",1,1.03284404242207
"DEP0900017",4,171.619128481186
"DEP0900023",4,200.919630811429
"SPA1000120",4,33.5597052377486
"SPA1000075",4,27.6093561248591
"SPA1000086",4,189.904093867124
"SPA1000098",1,0
"SPA1000042",2,0.857285073259123
"SPA1000041",4,37.8014015860748
"SPA1000038",4,23.2881798553136
"SPA1000037",3,0
"SPA1000039",3,3.56687731995011
"SPA1000040",4,29.9535057565825
"SPA1000114",3,0
"SPA1000065",3,3.82141077581467
"SPA1000028",4,40.5202414965351
"SPA1000062",4,160.006196441244
"SPA1000108",2,0
"SPA1000061",4,105.806292721313
"SPA1000054",4,153.630460849712
"SPA1000058",3,14.4984114621766
"SPA1000066",3,11.7772690687718
"SPA1000122",4,195.256922030052
"SPA1000121",4,117.473127838152
"SPA1000102",4,258.261035486872
"SPA1000111",4,252.5058393853
"SPA1000030",0,0
"SPA1000031",3,1.05269711162117
"SPA1000020",4,48.5079494910668
"SPA1000025",3,14.1238378526134
"SPA1000016",3,0
"SPA1000015",3,0
"SPA1000032",3,0
"SPA1000024",2,0
"SPA1000044",3,0.705289623700082
"SPA1000033",4,61.4438926873449
"SPA1000034",4,25.9523134172749
"SPA1000045",4,72.9766272320659
"SPA1000021",4,19.9545835284516
"SPA1000026",2,0
"SPA1000022",3,0
"SPA1000027",3,15.195275088407
"SPA1000094",4,291.518061236387
"SPA1000129",3,0
"SPA1000130",3,0
"SPA1000093",4,123.349773913156
"SPA1000085",4,72.5916045228485
"SPA1000074",4,34.3019430916584
"SPA1000119",3,1.18860267977996
"SPA1000043",3,11.5360558577439
"SPA1000051",4,45.9501105391471
"SPA1000059",4,76.5537419697791
"SPA1000067",4,32.7788509116903
"SPA1000178",3,0
"SPA1000167",4,84.5256944463528
"SPA1000166",4,39.4429376189987
"SPA1000171",4,76.9079927123795
"SPA1000174",4,29.338783279923
"SPA1000173",4,65.3628230076749
"SPA1000175",4,95.3175634247295
"SPA1000176",3,0
"SPA1000068",0,0
"SPA1000076",4,66.3687563440715
"SPA1000069",2,0
"SPA1000077",4,47.8827581910551
"SPA1000078",3,2.3405508074696
"SPA1000079",4,33.2130164755508
"SPA1000070",3,0
"SPA1000064",3,5.24322964809835
"SPA1000057",4,33.9141711539667
"SPA1000048",4,30
"SPA1000036",3,0
"SPA1000046",4,32.855954381842
"SPA1000047",4,47.0174823711745
"SPA1000172",3,13.6185142218709
"SPA1000055",4,116.23029316295
"SPA1000056",4,34.5596905429709
"SPA1000177",1,0
"SPA1000124",3,0
"SPA1000135",2,0
"SPA1000134",3,2.13313014572486
"SPA1000145",3,0
"SPA1000156",3,0
"SPA1000117",2,0
"SPA1000136",2,0
"SPA1000115",4,15.1419996151318
"SPA1000118",2,0
"SPA1000099",4,19.3712479904153
"SPA1000107",3,0
"SPA1000089",4,33.2698654874267
"SPA1000088",3,0
"SPA1000087",4,105.679563369263
"SPA1000095",4,126.972056384237
"SPA1000103",4,163.277143053526
"SPA1000123",4,45.8557271782054
"SPA1000105",1,0
"SPA1000113",3,10.9491856056545
"SPA1000104",4,28.9974887679185
"SPA1000096",4,33.1317051085858
"SPA1000106",3,0
"SPA1000080",3,7.35819644946605
"SPA1000097",3,6.18617442296818
"SPA1000063",4,48.2286590361036
"SPA1000071",2,0
"SPA1000092",2,0
"SPA1000084",4,14.6800074834354
"SPA1000090",4,53.2265208486557
"SPA1000091",4,59.086484946632
"SPA1000126",3,5.9337363025145
"SPA1000116",2,0
"SPA1000148",3,9.9917058216725
"SPA1000128",4,54.8826305009193
"SPA1000160",2,0
"SPA1000139",3,0
"SPA1000159",2,0
"SPA1000137",2,0
"SPA1000127",3,0
"SPA1000125",3,0
"SPA1000147",2,0
"SPA1000138",3,0
"SPA1000149",1,0
"SPA1000144",4,25.865306237433
"SPA1000081",3,0.715805774802769
"SPA1000072",2,5.77452264358615
"SPA1000082",4,27.3528192471713
"SPA1000073",3,7.56915944302455
"SPA1000083",4,40.373257760349
"SPA1000131",4,17.4306599477106
"SPA1000132",4,17.7161681177095
"SPA1000143",4,82.2541671212721
"SPA1000142",4,70.9737730610243
"SPA1000150",3,0
"SPA1000161",3,0
"SPA1000141",3,0
"SPA1000140",3,0
"SPA1000050",3,0
"SPA1000049",3,12.8309848015197
"SPA1000001",2,0
"SPA1000002",2,0.112930563883227
"SPA1000003",3,0
"SPA1000004",3,5.5277926861978
"SPA1000005",3,0
"SPA1000035",4,15.6432370860893
"SPA1000052",4,137.989206497905
"SPA1000017",3,12.5119633185677
"SPA1000029",4,70.8489319759604
"SPA1000053",4,17.1451716034616
"SPA1000060",4,86.7758607132301
"SPA1010001",1,0
"SPA1010002",1,0
"SPA1010003",0,0
"SPA1010005",0,0
"SPA1010006",0,0
"SPA1010007",0,0
"SPA1010008",0,0
"SPA1010010",0,0
"SPA1010009",2,0
"SPA1010011",0,0
"SPA1010013",1,0
"SPA1010015",0,0
"SPA1010016",1,0
"SPA1010017",0,0
"SPA1010018",0,0
"SPA1010019",2,0
"HAR1000016",2,0
"HAR1000050",4,24.5236482731998
"HAR1000048",3,4.90979641675949
"HAR1000049",3,0
"HAR1000047",3,2.34657571257473
"HAR1000045",3,0
"HAR1000041",2,0
"HAR1000042",3,0
"HAR1000043",2,0
"HAR1000044",2,0
"HAR1000046",2,0
"HAR1000063",2,1.04061364598306
"HAR1000052",2,0
"HAR1000061",4,22.4331645141356
"HAR1000058",2,0
"HAR1000057",3,0
"HAR1000056",4,42.841657471291
"HAR1000055",3,0
"HAR1000051",4,32.274215573074
"HAR1000053",4,15.680844896473
"HAR1000054",2,9.01702211257864
"HAR1000059",1,0
"HAR1000001",2,0
"HAR1000005",3,5.1574995405972
"HAR1000004",4,18.0883736158721
"HAR1000002",2,0
"HAR1000067",3,0
"HAR1000066",3,8.69739720405114
"HAR1000064",1,0
"HAR1000065",4,48.6947852150187
"HAR1000062",3,0
"HAR1000060",3,0
"HAR1000035",1,0
"HAR1000038",2,0
"HAR1000039",2,0
"HAR1000036",3,18.660587933775
"HAR1000037",3,15.8309091198406
"HAR1000040",3,6.79495506640524
"HAR1000025",3,0
"HAR1000023",2,0
"HAR1000020",4,34.3136255827048
"HAR1000019",1,0
"HAR1000017",2,0
"HAR1000022",1,0
"HAR1000018",3,0
"HAR1000027",2,0
"HAR1000026",2,0
"HAR1000031",2,0
"HAR1000028",2,0
"HAR1000032",1,0
"HAR1000030",2,0
"HAR1000033",1,0
"HAR1000034",1,0
"HAR1000021",2,0
"HAR1000003",3,10.4991895649582
"HAR1000029",3,0
"HAR1000006",4,32.622632586131
"HAR1000007",2,13.8807843392715
"HAR1000008",1,0
"HAR1000009",2,0
"HAR1000010",2,0
"HAR1000011",2,0
"HAR1000012",2,0
"HAR1000013",2,0
"HAR1000014",3,0
"HAR1000015",4,20.0893638577253
"HAR1000024",2,0
"HAR1010004",0,0
"HAR1010005",2,0
"HAR1010006",0,0
"HAR1010007",0,0
"HAR1010008",0,0
"HAR1010009",0,0
"HAR1010010",0,0
"SIM1000056",3,2.90256885712335
"SIM1000051",4,67.5225029025657
"SIM1000047",3,1.03958435564761
"SIM1000061",4,206.04740792302
"SIM1000060",4,150.318423716984
"SIM1000065",3,10.4567067343742
"SIM1000045",4,98.5887365257367
"SIM1000054",4,160.023111511755
"SIM1000098",3,0.361645820688721
"SIM1000062",4,107.466329787429
"SIM1000090",3,13.5182052406248
"SIM1000094",4,26.005662182346
"SIM1000089",4,149.292142851278
"SIM1000093",4,32.5090726904968
"SIM1000068",4,41.1245061614448
"SIM1000091",4,15.9679220463149
"SIM1000086",4,243.669677224653
"SIM1000069",4,83.6707459002171
"SIM1000044",4,139.735383665954
"SIM1000049",4,108.097951184602
"SIM1000036",4,175.511666415121
"SIM1000029",4,252.611377453588
"SIM1000011",4,174.056637163023
"SIM1000021",4,287.264244660889
"SIM1000006",4,107.773394834607
"SIM1000088",4,56.3997264954678
"SIM1000092",3,13.5107177960945
"SIM1000095",3,10.0781069071963
"SIM1000096",4,38.1178028270402
"SIM1000085",4,57.5886347930938
"SIM1000001",2,0
"SIM1000003",4,17.5205727107823
"SIM1000041",4,52.0493099095922
"SIM1000033",3,5.93000298505649
"SIM1000032",4,212.028751754045
"SIM1000024",4,185.756970106311
"SIM1000014",0,0
"SIM1000002",3,8.93757102612926
"SIM1000007",4,183.714049878526
"SIM1000038",4,99.2514595879877
"SIM1000016",4,53.1802978674157
"SIM1000070",4,31.2208876480334
"SIM1000071",4,33.3784017633255
"SIM1000074",4,126.628597242817
"SIM1000063",4,212.489248645839
"SIM1000055",4,66.6958307415943
"SIM1000050",4,206.819581092913
"SIM1000042",4,30.4692104417839
"SIM1000025",4,79.106149304223
"SIM1000034",4,34.1336643433482
"SIM1000015",4,49.032209638952
"SIM1000039",4,18.6012544766186
"SIM1000008",4,63.2784008507309
"SIM1000046",4,135.509716093897
"SIM1000012",4,194.430352339585
"SIM1000013",4,315.296255786928
"SIM1000022",4,143.756335938234
"SIM1000023",4,265.943616175069
"SIM1000031",4,100.712253726171
"SIM1000037",4,175.182801719716
"SIM1000009",3,0
"SIM1000017",4,48.0473417112682
"SIM1000026",4,60.1017019244406
"SIM1000030",4,63.536213968907
"SIM1000058",4,109.862056024951
"SIM1000027",3,0
"SIM1000028",4,140.474314495123
"SIM1000076",4,195.620433383788
"SIM1000075",4,56.2888319231672
"SIM1000079",4,228.562218335133
"SIM1000080",4,197.722874812619
"SIM1000018",3,0
"SIM1000019",4,37.3146825237336
"SIM1000083",4,85.406579928324
"SIM1000082",4,268.280724670127
"SIM1000072",4,115.060471574814
"SIM1000073",3,8.12955191778019
"SIM1000097",4,14.8468416565826
"SIM1000059",4,113.22538529918
"SIM1000078",4,139.956363288441
"SIM1000081",3,5.16565404014364
"SIM1000043",4,79.5648975948161
"SIM1000048",4,45.2589395063476
"SIM1000005",3,9.66926780575886
"SIM1000052",4,88.1336313412587
"SIM1000053",4,40.5019811119478
"SIM1000084",4,41.3793330176286
"SIM1000087",4,112.668275783298
"SIM1300008",0,0
"SIM1300021",2,0
"SIM1300034",0,0
"SIM1300068",1,0
"SIM1300081",0,0
"SIM1300149",0,0
"SIM1300157",0,0
"SIM1300168",0,0
"SIM1300170",0,0
"SIM1300175",0,0
"SIM1300176",0,0
"SIM1300180",0,0
"BST1100326",3,17.8028835457139
"BST1100329",3,12.43660059385
"BST1100328",2,0
"BST1100327",4,15.1213424033485
"BST1100332",3,0
"BST1100347",4,42.4036300876702
"BST1100350",2,0
"BST1100351",1,0
"BST1100349",2,0
"BST1100354",4,22.1693713921122
"BST1100270",4,59.5428535201784
"BST1100269",4,159.055224378406
"BST1100282",4,8.91167402665416
"BST1100283",4,29.4560337490402
"BST1100284",2,0
"BST1100265",4,105.551852074896
"BST1100263",4,16.2661456902022
"BST1100264",3,2.68422099854797
"BST1100266",4,111.038213359686
"BST1100267",4,110.684852273555
"BST1100268",4,17.0416097841226
"BST1100304",3,5.68434476868319
"BST1100305",4,30.284939938653
"BST1100004",3,0
"BST1100005",3,0
"BST1100014",0,0
"BST1100024",4,27.1676124612997
"BST1100025",2,0
"BST1100026",0,0
"BST1100043",4,46.9898290451973
"BST1100046",4,87.2728962758831
"BST1100047",2,3.97242870274931
"BST1100063",4,58.6791981731611
"BST1100064",4,37.9938815063797
"BST1100066",3,22.4019110403112
"BST1100067",4,30.9188934472584
"BST1100068",2,0
"BST1100069",3,0
"BST1100070",3,0
"BST1100071",4,68.9525539548795
"BST1100072",4,30
"BST1100086",2,0
"BST1100087",2,0
"BST1100109",3,0.472516891505676
"BST1100090",2,0
"BST1100095",2,0
"BST1100110",3,4.86542682025641
"BST1100111",2,0
"BST1100112",2,0
"BST1100113",4,36.7492080577829
"BST1100114",3,10.0461866150981
"BST1100117",2,0
"BST1100119",4,46.4945155925393
"BST1100134",2,0
"BST1100135",3,0
"BST1100136",3,4.11349823326744
"BST1100137",3,0
"BST1100143",3,9.9910352784209
"BST1100144",3,3.57851387366001
"BST1100159",3,1.89269908197445
"BST1100160",3,0
"BST1100161",4,11.4304738351579
"BST1100162",1,0
"BST1100312",2,0
"BST1100333",1,0
"BST1100353",2,0
"BST1100291",3,0
"BST1100313",2,0
"BST1100193",4,38.2000734705844
"BST1100194",4,41.9597759045267
"BST1100195",4,134.707233701126
"BST1100196",4,159.336929266725
"BST1100197",4,60.1798839087615
"BST1100051",3,0
"BST1100052",3,4.72625325002904
"BST1100311",4,35.6396862849535
"BST1100310",4,138.775898383244
"BST1100309",3,14.9347945051578
"BST1100289",4,116.953099902707
"BST1100290",4,131.05832794935
"BST1100200",2,0
"BST1100175",3,0
"BST1100163",1,0
"BST1100172",3,14.191515000537
"BST1100173",0,0
"BST1100174",3,0
"BST1100177",0,0
"BST1100178",0,0
"BST1100185",1,0
"BST1100198",2,0
"BST1100203",4,18.110920814434
"BST1100205",0,0
"BST1100210",0,0
"BST1100212",0,0
"BST1100213",0,0
"BST1100214",1,0
"BST1100228",3,0
"BST1100229",2,7.07785792439476
"BST1100234",2,0
"BST1100235",0,0
"BST1100255",1,0
"BST1100276",2,0
"BST1100277",2,0
"BST1100297",0,0
"BST1100298",1,0
"BST1100318",0,0
"BST1100363",1,0
"BST1100361",4,27.9555107118882
"BST1100360",2,0
"BST1100377",1,0
"BST1100376",2,0
"BST1100362",3,0
"BST1100378",2,0
"BST1100381",0,0
"BST1100364",0,0
"BST1100365",0,0
"BST1100366",2,0
"BST1100367",1,0
"BST1100368",0,0
"BST1100380",0,0
"BST1100352",2,0
"BST1100331",1,1.18171098486035
"BST1100308",2,0
"BST1100307",4,11.6381448294488
"BST1100287",4,57.2267285493945
"BST1100285",1,0
"BST1100286",4,27.8160917502828
"BST1100288",4,50.8068139914257
"RAL1100180",3,0
"RAL1100143",1,0
"RAL1100049",2,0.00797379631726011
"RAL1100058",0,0
"RAL1100057",1,0
"RAL1100056",1,0
"RAL1100059",0,0
"RAL1100092",1,0
"RAL1100093",0,0
"RAL1100060",0,0
"RAL1100061",0,0
"RAL1100128",0,0
"RAL1100127",0,0
"RAL1100047",2,0
"RAL1100012",0,0
"RAL1100011",0,0
"RAL1100042",0,0
"RAL1100041",0,0
"RAL1100433",2,0
"RAL1100469",2,0
"RAL1100510",4,8.70023946446833
"RAL1100511",4,31.5876059699484
"RAL1100512",3,0
"RAL1100547",4,29.4913396295269
"RAL1100548",4,19.6025528943305
"RAL1100549",4,59.2163221914108
"RAL1100550",1,0
"RAL1100551",2,0
"RAL1100470",4,16.3569844604935
"RAL1100471",2,0
"RAL1100472",3,0
"RAL1100342",2,0
"RAL1100341",2,0
"RAL1100390",2,0
"RAL1100254",1,0
"RAL1100106",1,0
"RAL1100626",4,45.2457118024664
"RAL1100627",4,30
"RAL1100546",1,0
"RAL1100584",2,0
"RAL1100586",3,0.367419424605398
"RAL1100585",2,0
"RAL1100590",4,30.584510152511
"RAL1100389",1,0
"RAL1100993",3,0
"RAL1100992",3,0
"RAL1101124",2,0
"RAL1101125",2,3.72658820997312
"RAL1101033",3,0
"RAL1101034",3,0
"RAL1101037",4,67.5830424958468
"RAL1101036",2,0
"RAL1101035",3,0.0235017099989822
"RAL1101078",3,17.2799610097272
"RAL1101079",4,63.3219871570307
"RAL1101080",3,10.8276093192399
"RAL1101135",1,0
"RAL1101092",2,0
"RAL1101049",1,0
"RAL1101006",3,0
"RAL1101007",3,0
"RAL1101051",1,0
"RAL1101050",2,0
"RAL1100963",2,0
"RAL1100962",4,18.5265567859169
"RAL1101005",3,0
"RAL1101048",3,3.6956035300681
"RAL1101091",2,0
"RAL1101134",3,10.2816722947837
"RAL1101245",3,0
"RAL1101247",1,0
"RAL1101248",0,0
"RAL1101249",0,0
"RAL1101168",3,0
"RAL1101246",3,2.8851033335086
"RAL1101270",0,0
"RAL1101244",2,0.395876347964739
"RAL1101243",2,0
"RAL1101209",4,20.8843547499273
"RAL1101169",3,6.94042113935575
"RAL1100298",1,0
"RAL1100297",2,0
"RAL1100388",1,0
"RAL1100387",2,0
"RAL1100432",2,0
"RAL1100473",3,0
"RAL1100474",1,0
"RAL1100434",1,0
"RAL1100475",1,0
"RAL1100516",3,0
"RAL1100517",3,0
"RAL1100476",2,0
"RAL1100436",1,0
"RAL1100435",1,0
"BAR1111767",3,0
"BAR1111619",3,6.2198204329254
"BAR1111620",3,0
"BAR1111530",3,1.82597277042125
"BAR1111621",1,0
"BAR1111517",4,14.1674560899357
"BAR1111809",4,15.3132579892745
"BAR1111763",4,30
"BAR1111810",4,148.136914331462
"BAR1111816",3,0
"BAR1111762",4,116.950151975616
"BAR1111714",2,0
"BAR1111946",4,45.0332998004742
"BAR1111718",4,105.458061781521
"BAR1111948",4,93.2801032581252
"BAR1111713",4,34.3855001763218
"BAR1111712",2,0
"BAR1111711",2,0
"BAR1111760",3,0
"BAR1111663",2,0
"BAR1112279",2,0
"BAR1112248",0,0
"BAR1111316",4,70.412795808555
"BAR1111944",4,78.7744278051874
"BAR1111945",4,149.323940658741
"BAR1111942",3,0
"BAR1111941",3,0
"BAR1111716",3,0
"BAR1111717",2,0
"BAR1111719",4,207.227804260832
"BAR1111766",2,0
"BAR1111765",3,0
"BAR1111266",2,5.14784789606327
"BAR1111515",2,0
"BAR1111516",4,59.8503290868466
"BAR1111564",2,0
"BAR1111565",2,0
"BAR1111566",4,23.3837726465426
"BAR1111532",3,1.02401992337859
"BAR1111479",4,53.529849425487
"BAR1111418",4,13.2009120602207
"BAR1111480",3,4.55127035358623
"BAR1111482",4,26.0037417258136
"BAR1111684",3,0
"BAR1111734",3,0
"BAR1111683",2,0
"BAR1111670",4,100.692440946118
"BAR1111671",4,101.870296828294
"BAR1111672",4,85.5597569596257
"BAR1112170",2,0
"BAR1112056",4,87.5973056088097
"BAR1112019",2,0
"BAR1112020",3,0
"BAR1112022",3,10.1180597026832
"BAR1111857",3,0
"BAR1111858",4,17.821619539056
"BAR1111859",4,83.7053524995039
"BAR1111905",4,85.5442302237561
"BAR1111904",4,27.7241042865484
"BAR1111903",3,0
"BAR1111902",4,58.4203961007297
"BAR1111901",3,0
"BAR1112247",0,0
"BAR1112230",0,0
"BAR1112212",0,0
"BAR1111943",3,0
"BAR1111367",2,0
"BAR1111267",4,24.0069633759558
"BAR1111317",4,48.9831556406121
"BAR1111531",4,63.656057496784
"BAR1112291",3,0
"BAR1112290",3,0
"BAR1111769",4,141.377994717276
"BAR1111808",2,0
"BAR1111811",4,37.9455842046102
"BAR1111614",2,0
"BAR1111613",2,0
"BAR1112118",3,2.35291635282209
"BAR1111900",2,1.5495357332436
"BAR1111947",4,65.1485293089813
"BAR1111662",1,0
"BAR1111615",3,0.128449576997988
"BAR1111664",2,0
"BAR1112169",0,0
"BAR1112231",0,0
"BAR1112086",1,0
"BAR1112192",0,0
"BAR1112087",3,0.0627757803093042
"BAR1111984",4,30.4850323991917
"BAR1112021",4,64.0513418853014
"BAR1300001",0,0
"BAR1300002",0,0
"BAR1300003",0,0
"BAR1300004",0,0
"BAR1300005",0,0
"BAR1300006",0,0
"BAR1300007",2,0
"MOO1200390",0,0
"MOO1200391",0,0
"MOO1200392",1,0
"MOO1200396",4,38.5511962429155
"MOO1200397",2,0
"MOO1200415",3,1.3364597200416
"MOO1200416",5,0
"MOO1200418",4,29.0083131399006
"MOO1200419",3,0
"MOO1200436",0,0
"MOO1200437",3,3.04751442699698
"MOO1200438",4,20.6751632765863
"MOO1200456",0,0
"MOO1200457",0,0
"MOO1200481",4,52.1704744439194
"MOO1200482",3,0
"MOO1200528",0,0
"MOO1200530",1,0
"MOO1200531",3,12.7021442052695
"MOO1200552",2,0
"MOO1200575",3,0.78548016677552
"MOO1200577",2,0
"MOO1200607",5,0
"MOO1200609",4,26.9638029397465
"MOO1200901",2,0
"MOO1200903",2,0
"MOO1200904",1,0
"MOO1200905",2,0
"MOO1200924",2,0
"MOO1200926",2,0
"MOO1200927",2,0
"MOO1200950",3,0
"MOO1200967",2,0
"MOO1200968",1,0
"MOO1200970",2,0
"MOO1200971",2,0
"MOO1200976",4,29.1576605734792
"MOO1200978",4,105.096718686087
"MOO1200986",2,0
"MOO1200987",2,0
"MOO1200989",2,0
"MOO1200991",1,0
"MOO1200995",3,11.392947434788
"MOO1200998",3,8.73566237833507
"MOO1200999",4,191.98096475563
"MOO1201001",4,91.2268856619485
"MOO1201007",4,9.18701520957101
"MOO1201008",2,0
"MOO1201010",2,0
"MOO1201012",2,0
"MOO1201556",4,90.3702648896359
"MOO1201561",3,0
"MOO1201562",1,0
"MOO1201563",2,0
"MOO1201564",5,0
"MOO1201565",1,0
"MOO1201566",3,1.03188934600522
"MOO1201569",4,36.3764497634841
"MOO1201570",2,0
"MOO1201572",2,0
"MOO1201573",2,0
"MOO1201578",3,0
"MOO1201581",2,0
"MOO1201592",3,0.883491722836237
"MOO1201593",3,0.638945897342637
"MOO1201608",4,41.3445899793932
"MOO1201609",4,28.0566532120977
"MOO1201626",4,57.9341860684034
"MOO1201627",4,32.5616214830997
"MOO1201645",3,0
"MOO1201646",3,8.17872628233907
"MOO1201655",4,33.2190320694877
"MOO1201656",4,18.8520997143351
"MOO1201671",4,25.9903189863544
"MOO1201672",2,0
"MOO1201673",3,10.5997642855288
"MOO1201683",4,95.7631290788529
"MOO1201684",4,103.04051678804
"MOO1201695",3,0.637461868373194
"MOO1201697",4,42.5272342255041
"MOO1201699",4,30.2042298330925
"MOO1201700",3,0
"MOO1201710",2,0
"MOO1201715",4,54.3882479561056
"MOO1201717",3,0
"MOO1201727",3,0.914564682343919
"MOO1201729",4,133.687536130427
"MOO1201731",4,104.128528991919
"MOO1201733",4,61.8566166700012
"MOO1201735",3,0
"MOO1201759",4,29.3527376544662
"MOO1201761",4,82.2083535905001
"MOO1201777",2,2.17152265948094
"MOO1201793",4,18.6869003456086
"MOO1201795",2,0
"MOO1201800",4,33.1715035248055
"MOO1201816",3,1.79704772634432
"MOO1201818",3,0
"MOO1201823",4,37.0467494430502
"MOO1201839",4,28.1075948856444
"MOO1201841",4,120.065757925196
"MOO1201845",4,78.7609588532089
"MOO1201862",4,22.1210643798113
"MOO1201863",4,105.401874438819
"MOO1201864",4,21.6622562274804
"MOO1201865",4,100.469126254619
"MOO1201880",4,57.6569204141197
"MOO1201881",4,114.605969364188
"MOO1201934",3,0
"MOO1201935",4,38.4597852191454
"MOO1201936",4,19.7492264067117
"MOO1201937",3,0
"MOO1201938",4,21.2179713116493
"MOO1201939",4,27.4286453695968
"MOO1201940",3,0
"MOO1201941",4,17.0789992888458
"MOO1201942",4,35.293571142458
"MOO1201953",4,42.2159894449141
"MOO1201954",2,0
"MOO1201955",3,8.71931047240563
"MOO1201956",3,0
"MOO1201957",2,0
"MOO1201958",2,0
"MOO1201959",3,1.25198884587735
"MOO1201960",4,34.9781524966198
"MOO1202071",2,0
"MOO1202072",3,12.7083833550272
"MOO1202091",3,0
"MOO1202092",2,0
"MOO1200289",4,15.8714260291308
"MOO1200290",4,25.6331076615024
"MOO1200291",4,52.0168017810804
"MOO1200313",4,85.1700870331053
"MOO1200316",3,3.66107671283385
"MOO1200338",4,57.2845884163123
"MOO1200339",3,0
"MOO1200340",3,10.5566596188582
"MOO1200341",3,0.581368833959421
"MOO1200342",4,28.3901435566908
"MOO1200453",2,0
"MOO1200519",2,0
"MOO1200520",3,10.1530752610415
"MOO1200521",4,39.4825509184979
"MOO1200522",3,0
"MOO1200523",4,50.8451838381183
"MOO1200542",2,0
"MOO1200544",4,33.8773023217463
"MOO1200545",4,78.0274599867204
"MOO1200547",4,218.142073310361
"MOO1201679",2,0
"MOO1201680",2,0
"MOO1201681",2,0
"MOO1201696",2,0
"MOO1201698",2,0
"MOO1201711",4,89.6205358304929
"MOO1201714",3,3.86876461282372
"MOO1201725",3,4.34332650915596
"MOO1201726",4,32.462302360218
"MOO1201728",4,58.110660623759
"MOO1201730",4,10.0888923408412
"MOO1201732",3,16.140559386275
"MOO1201748",3,22.6241876558222
"MOO1201749",4,22.7647403245792
"MOO1201750",4,31.0886229431492
"MOO1201751",4,52.7972063354114
"MOO1201752",4,40.6037463254761
"MOO1201854",4,90.0707541271211
"MOO1202104",4,16.1289111502966
"MOO1202106",2,0
"MOO1202107",2,0
"MOO1202108",2,0
"MOO1202115",2,0
"MOO1202124",2,6.04158632581444
"MOO1202125",1,0
"MOO1202126",2,0
"MOO1202127",2,0
"MOO1202133",2,0
"MOO1202200",2,0
"MOO1202201",2,0
"MOO1202213",2,0
"MOO1200443",1,0
"MOO1200441",0,0
"MOO1200434",1,0
"MOO1200089",0,0
"MOO1200111",0,0
"MOO1200113",0,0
"MOO1200129",2,0
"ANT1200536",2,0
"ANT1200538",2,0
"ANT1200540",3,0
"ANT1200542",2,0
"ANT1200575",1,0
"ANT1200577",2,0
"ANT1200579",2,0
"ANT1200581",2,0
"ANT1200583",2,0
"ANT1200585",2,0
"ANT1200621",3,0
"ANT1200623",2,0
"ANT1200625",2,0
"ANT1200627",2,0
"ANT1200672",1,0
"ANT1200674",2,0
"ANT1200676",4,27.8284215228632
"ANT1200726",2,0
"ANT1200728",2,0
"ANT1201310",1,0
"ANT1201376",2,0
"ANT1201378",2,0
"ANT1201444",2,0
"ANT1201446",1,0
"ANT1201448",2,0
"ANT1201519",2,0
"ANT1201581",1,0
"ANT1201585",2,0
"ANT1201587",2,0
"ANT1201769",4,50.3085878319694
"ANT1201771",1,0
"ANT1201773",4,28.8814485245195
"ANT1201775",4,63.6259834115531
"ANT1201777",4,82.9733499719327
"ANT1201779",4,15.4731782567373
"ANT1201781",4,21.5340193079319
"ANT1201783",4,104.719302880464
"ANT1201785",4,167.742562568104
"ANT1201787",4,164.623763408173
"ANT1201789",4,231.22537163605
"ANT1201791",4,153.247129848023
"ANT1201793",4,64.8847581504378
"ANT1201796",4,28.9554619683743
"ANT1201799",4,18.8113674347278
"ANT1201830",4,33.8848786413189
"ANT1201832",3,7.51328260917217
"ANT1201834",2,0
"ANT1201836",3,0
"ANT1201838",4,33.072949062223
"ANT1201840",4,42.0831025550142
"ANT1201842",4,107.677174019049
"ANT1201844",4,51.472470741719
"ANT1201846",3,6.11796639689046
"ANT1201848",4,100.898754520713
"ANT1201850",4,50.9839878341222
"ANT1201852",4,60.2565934240618
"ANT1201854",4,55.9678193745203
"ANT1201856",4,44.1172206286956
"ANT1201860",3,0.894337689038366
"ANT1201896",3,0
"ANT1201898",3,0
"ANT1201899",1,0
"ANT1201900",1,0
"ANT1201963",1,0
"ANT1201965",1,0
"ANT1202033",1,0
"ANT1202025",2,0
"ANT1202027",1,0
"ANT1202029",2,0
"ANT1202031",1,0
"ANT1202035",1,0
"ANT1202039",1,0
"ANT1202090",1,0
"ANT1202092",1,0
"ANT1202094",1,0
"ANT1202096",1,0
"ANT1202098",1,0
"ANT1202100",1,0
"ANT1202102",1,0
"ANT1202104",1,0
"ANT1202148",2,0
"ANT1202150",1,0
"ANT1202154",1,0
"ANT1202172",3,18.5438378686772
"ANT1202174",4,18.7276575220749
"ANT1202179",2,0
"ANT1202180",2,0
"ANT1202198",2,0
"ANT1202216",2,0
"ANT1202218",2,0
"ANT1202220",2,0
"ANT1202225",2,0
"ANT1202226",2,0
"ANT1202242",1,0
"ANT1202261",2,0
"ANT1202262",2,0
"ANT1202263",2,0
"ANT1202292",1,0
"ANT1202293",1,0
"ANT1200110",4,59.634792351104
"ANT1200119",4,49.7370251580141
"ANT1200138",4,59.7192076586653
"ANT1200145",3,2.17881153823062
"ANT1200086",0,0
"ANT1200087",3,0
"ANT1200092",0,0
"ANT1200094",1,0
"ANT1200097",0,0
"ANT1200098",2,12.0039483662695
"ANT1200166",0,0
"ANT1200191",2,0
"ANT1200192",2,0
"ANT1200306",0,0
"ANT1200307",0,0
"ANT1201949",2,0
"ANT1201951",1,0
"ANT1201953",2,0
"ANT1202011",2,0
"ANT1202013",1,0
"ANT1202015",1,0
"ANT1202019",1,0
"ANT1202082",2,0
"ANT1202084",1,0
"ANT1202137",1,0
"ANT1202139",1,0
"ANT1202186",2,0
"ANT1202342",2,0
"BUT1200110",0,0
"BUT1200113",0,0
"BUT1200116",0,0
"BUT1200117",0,0
"BUT1200124",2,0
"BUT1200127",1,0
"BUT1200128",1,0
"BUT1200142",1,0
"BUT1200143",0,0
"BUT1200144",2,0
"BUT1200145",1,0
"BUT1200146",0,0
"BUT1200041",4,7.93380955619866
"BUT1200048",4,60.227837531814
"BUT1200049",3,9.81913519856058
"BUT1200057",3,10.0375339439791
"BUT1200061",3,0
"BUT1200062",4,30
"BUT1200063",3,11.4305241344926
"BUT1200070",4,33.5831434881182
"BUT1200075",2,15.1436344616919
"BUT1200074",1,0
"BUT1200079",4,42.1924024050906
"BUT1200081",3,0.945433761682732
"BUT1200083",3,0
"BUT1200084",2,0
"BUT1200087",3,0
"BUT1200088",4,82.6950158786494
"BUT1200089",2,0
"BUT1200090",3,0
"BUT1200091",3,0
"BUT1200092",1,0
"BUT1200093",4,33.4944502752365
"BUT1200097",4,17.5333388812454
"BUT1200098",3,5.16247010046932
"BUT1200099",3,12.4358304865815
"BUT1200100",2,0
"BUT1200101",4,21.207172495838
"BUT1200102",2,0
"BUT1200103",3,0
"BUT1200105",4,36.1821691953846
"BUT1200106",4,14.4634478708928
"BUT1200107",3,0
"BUT1200108",3,3.82505774976598
"BUT1200112",2,0
"BUT1200111",2,0
"BUT1200114",3,0
"BUT1200118",2,0.28421793318224
"BUT1200120",2,0
"BUT1200121",3,0
"BUT1200135",4,39.7369422133677
"BUT1200136",3,14.0693296431477
"BUT1200137",3,0
"BUT1200138",3,2.87232858476778
"BUT1200139",2,0
"BUT1200140",2,0
"BUT1200141",2,0
"SLD1200027",3,0
"SLD1200035",3,0
"SLD1200036",3,9.32673022220843
"SLD1200045",3,5.45485743095703
"SLD1200046",3,0
"SLD1200047",3,0
"SLD1200048",1,0
"SLD1200053",4,10.44599356797
"SLD1200054",2,0
"SLD1200061",2,0
"SLD1200066",3,0
"SLD1200067",3,15.5772288379755
"SLD1200068",3,0
"SLD1200069",2,0
"SLD1200070",3,0
"SLD1200071",1,0
"SLD1200074",2,0
"SLD1200075",4,14.6791790023069
"SLD1200078",2,0
"SLD1200079",1,0
"SLD1200081",2,0
"SLD1200110",3,10.4882671965752
"SLD1200111",3,0
"SLD1200112",4,17.586838619085
"SLD1200117",2,0
"SLD1200118",1,0
"SLD1200119",3,12.3906083449595
"SLD1200122",2,0
"SLD1200123",3,0
"SLD1200124",1,0
"SLD1200131",1,0
"SLD1200132",1,0
"SLD1200149",1,0
"SLD1200150",4,18.8283345940389
"SLD1200151",3,7.436222518058
"SLD1200152",3,3.35005783126689
"SLD1200157",4,22.1863265188877
"SLD1200158",3,0
"SLD1200159",3,0
"SLD1200160",3,0
"SLD1200161",3,4.08998181872891
"SLD1200165",3,0
"SLD1200166",4,27.8526638958137
"SLD1200270",2,0
"SLD1200271",0,0
"SLD1200272",0,0
"SLD1200288",1,0
"SLD1200301",0,0
"SLD1200401",1,0
"SLD1200403",0,0
"SLD1200416",0,0
"SLD1200417",0,0
"SLD1200043",3,13.393165262416
"CUB1300111",0,0
"CUB1300117",1,0
"CUB1300125",0,0
"CUB1310350",0,0
"CUB1310351",0,0
"CUB1300361",0,0
"CUB1300362",0,0
"CUB1300370",0,0
"CUB1310371",3,0
"CUB1310378",0,0
"CUB1310379",0,0
"CUB1300032",3,0
"CUB1300038",2,0
"CUB1300039",3,0
"CUB1300059",3,0
"CUB1300061",4,31.1318417660251
"CUB1300064",4,46.2076253760845
"CUB1300065",3,7.3843282851846
"CUB1300066",4,74.6924014675782
"CUB1300068",4,12.601077838884
"CUB1300069",4,41.6593446531875
"CUB1300076",3,0
"CUB1300080",4,93.1770414676192
"CUB1300081",3,0
"CUB1300082",3,0
"CUB1300085",4,61.8918590513453
"CUB1300086",4,111.252760923262
"CUB1300087",2,0
"CUB1300089",3,6.79253762580694
"CUB1300091",4,15.3843071935698
"CUB1300092",4,17.8844968932681
"CUB1300093",4,65.5171407888607
"CUB1300094",4,15.546165168751
"CUB1300097",3,0
"CUB1300100",4,34.6062328680185
"CUB1300101",4,223.5328346079
"CUB1300102",1,0
"CUB1300105",3,1.75872576787516
"CUB1300108",4,21.2538852929138
"CUB1300109",3,18.1932282003679
"CUB1300110",4,185.459361891825
"CUB1300113",4,19.6265567098744
"CUB1300115",3,0
"CUB1300116",4,34.0467820325365
"CUB1300141",3,0
"CUB1300161",4,23.8422014248747
"CUB1300168",4,145.876408910416
"CUB1300169",4,103.698902196584
"CUB1300170",2,0
"CUB1300171",2,0
"CUB1300172",4,17.9703282320747
"CUB1300173",3,0
"CUB1300180",4,62.6308846255059
"CUB1300181",4,210.504003095927
"CUB1300182",4,47.9055847437213
"CUB1300184",3,0
"CUB1300185",4,38.5820013742331
"CUB1300198",4,47.3768319963758
"CUB1300199",4,58.0627166142061
"CUB1300200",3,0.632520117361582
"CUB1300215",3,0
"CUB1300216",4,52.389979629894
"CUB1300220",4,36.1502344859124
"CUB1300221",4,54.3781470832617
"CUB1300229",3,8.71545693092048
"CUB1300233",4,19.6148419995515
"CUB1300234",4,33.2131522801685
"CUB1300235",4,30.8550500443563
"CUB1300247",3,0
"CUB1300254",4,64.8905495719716
"CUB1300256",4,42.96715953918
"CUB1300258",3,0
"CUB1300259",4,46.8843483186513
"CUB1300272",4,29.6820135517046
"CUB1300273",4,20.2112246849574
"CUB1300274",4,65.8729350357198
"CUB1300275",4,89.8375606232213
"CUB1300276",4,66.0330686293069
"CUB1300277",3,8.5796370555422
"CUB1300280",4,20.5280791648234
"CUB1300281",3,8.4623139228341
"CUB1300282",4,43.4796209044686
"CUB1300287",4,41.4359794740994
"CUB1300288",3,0
"CUB1300293",2,0
"CUB1300300",4,59.36921512937
"CUB1300305",2,0
"CUB1300306",4,73.5869306273163
"CUB1300307",4,35.8207233959238
"CUB1300308",3,0
"CUB1300310",3,2.27911670086905
"CUB1300311",4,28.1160509982146
"CUB1300312",4,25.0300622298382
"CUB1300314",4,55.6480683189224
"CUB1300316",2,0
"CUB1300320",4,25.0824636090547
"CUB1300321",4,56.6636504962738
"CUB1300322",4,40.8207189217219
"CUB1300323",3,0
"CUB1300325",4,32.847059664271
"CUB1300326",4,20.172119136434
"CUB1300327",3,6.35073031916264
"CUB1300338",4,74.9547921915707
"CUB1300340",3,0
"CUB1300346",4,21.4396342981448
"CUB1300347",4,36.1458419065904
"CUB1300349",4,25.1775317309916
"CUB1300350",4,39.9616687529511
"CUB1300351",4,109.838678508261
"CUB1300353",4,35.8095041010529
"CUB1300354",4,11.0677231176675
"CUB1300357",4,34.4541168765911
"CUB1300360",4,45.6477664348904
"CUB1300371",2,0
"CUB1300372",3,0
"CUB1300373",3,0
"CUB1300374",3,0
"CUB1300377",4,20.335996819666
"CUB1300378",3,0
"CUB1300379",4,26.6719178031199
"BTU1300578",0,0
"BTU1300582",0,0
"BTU1300587",0,0
"BTU1300588",1,0
"BTU1300592",0,0
"BTU1300596",0,0
"BTU1300597",0,0
"BTU1300602",0,0
"BTU1300603",0,0
"BTU1300567",0,0
"BTU1300020",3,14.6429454884446
"BTU1300071",4,38.3334352867064
"BTU1300021",3,7.7523289071396
"BTU1300024",4,45.2765263438742
"BTU1300025",4,158.725940095944
"BTU1300026",3,0
"BTU1300027",4,27.6216963683944
"BTU1300028",4,27.2531541353776
"BTU1300035",3,0
"BTU1300032",3,0
"BTU1300033",2,0
"BTU1300034",2,0
"BTU1300038",3,0
"BTU1300040",3,0
"BTU1300045",3,12.115508247825
"BTU1300047",3,4.38362599521289
"BTU1300050",3,2.0752359777689
"BTU1300051",3,12.0802854383364
"BTU1300054",2,0
"BTU1300061",3,0
"BTU1300063",3,3.06731402784559
"BTU1300066",4,87.3222101235836
"BTU1300067",4,25.1439048901023
"BTU1300073",4,109.544065814465
"BTU1300076",3,1.89185160614914
"BTU1300079",4,40.15733519054
"BTU1300081",4,37.8105834596602
"BTU1300084",4,36.197582636553
"BTU1300085",4,78.7400120953001
"BTU1300086",4,34.3369774994943
"BTU1300087",4,26.4668030152261
"BTU1300095",4,22.7161995179484
"BTU1300096",4,96.2217290290606
"BTU1300097",4,114.196686329647
"BTU1300098",4,110.176461962881
"BTU1300108",4,30.4216567525778
"BTU1300109",3,0
"BTU1300111",2,0
"BTU1300112",3,5.86911790531535
"BTU1300115",2,0
"BTU1300116",2,0
"BTU1300117",3,9.64819106506184
"BTU1300119",2,0
"BTU1300120",1,0
"BTU1300121",2,0
"BTU1300122",3,0
"BTU1300125",2,0
"BTU1300126",2,0
"BTU1300128",2,0
"BTU1300152",4,94.1127366337466
"BTU1300153",3,6.02618746098207
"BTU1300154",4,63.3474635307383
"BTU1300155",4,78.4149860792533
"BTU1300156",4,227.681025903109
"BTU1300157",4,88.4803081084949
"BTU1300158",4,96.7799924410939
"BTU1300159",4,16.6368844443932
"BTU1300160",4,245.489002323908
"BTU1300161",4,29.2844872546794
"BTU1300163",4,58.952228407704
"BTU1300164",4,110.398743430514
"BTU1300165",4,79.452852473512
"BTU1300166",3,0
"BTU1300167",3,0
"BTU1300168",4,19.8797688618883
"BTU1300169",4,14.7159241584127
"BTU1300170",4,11.5994598445358
"BTU1300175",3,7.61173284379765
"BTU1300176",3,8.815706143939
"BTU1300177",3,0
"BTU1300180",4,30
"BTU1300181",3,0
"BTU1300183",4,22.2614635592327
"BTU1300185",3,4.03094843359922
"BTU1300186",4,21.0144289927557
"BTU1300187",3,24.0686673263219
"BTU1300190",4,22.4917985377833
"BTU1300191",4,69.8565871960948
"BTU1300192",4,41.6755226555434
"BTU1300193",3,0
"BTU1300194",4,58.230160362788
"BTU1300195",4,14.2553096527778
"BTU1300197",4,59.5493820595554
"BTU1300198",4,61.6858068795051
"BTU1300199",3,0
"BTU1300200",4,23.9662062406317
"AMR1300559",0,0
"AMR1300576",0,0
"AMR1300590",1,0
"AMR1300611",0,0
"AMR1300638",0,0
"AMR1300643",0,0
"AMR1300668",0,0
"AMR1300685",0,0
"AMR1300686",0,0
"AMR1300689",0,0
"AMR1300014",NA,NA
"AMR1300022",NA,NA
"AMR1300030",NA,NA
"AMR1300032",NA,NA
"AMR1300034",NA,NA
"AMR1300052",NA,NA
"AMR1300054",NA,NA
"AMR1300056",NA,NA
"AMR1300069",NA,NA
"AMR1300080",0,0
"AMR1300087",0,0
"AMR1300091",0,0
"AMR1300093",0,0
"AMR1300094",0,0
"AMR1300095",0,0
"AMR1300096",0,0
"AMR1300105",3,0
"AMR1300106",1,0
"AMR1300113",0,0
"AMR1300114",0,0
"AMR1300118",1,0
"AMR1300123",1,0
"AMR1300124",1,0
"AMR1300134",3,0
"AMR1300135",3,0
"AMR1300136",3,0
"AMR1300142",1,0
"AMR1300143",2,0
"AMR1300151",3,0
"AMR1300152",2,0
"AMR1300156",3,0
"AMR1300160",2,0
"AMR1300161",2,0
"AMR1300167",4,60.5722992402503
"AMR1300168",4,29.512292948001
"AMR1300170",2,0
"AMR1300171",3,4.68890304183048
"AMR1300175",2,0
"AMR1300176",4,36.4276471575305
"AMR1300177",2,0
"AMR1300178",2,0
"AMR1300192",4,25.9654403927728
"AMR1300193",3,0
"AMR1300194",2,0
"AMR1300195",3,6.7826434136096
"AMR1300196",4,30
"AMR1300204",3,0.967838571766034
"AMR1300205",3,0
"AMR1300206",3,0
"AMR1300209",2,0
"AMR1300222",4,21.07571802974
"AMR1300235",3,11.732575501781
"AMR1300236",3,0
"AMR1300247",4,34.5835807772281
"AMR1300253",4,37.6007062180872
"AMR1300255",4,90.9723782801773
"AMR1300260",4,115.656598013806
"AMR1300264",4,37.372645395541
"AMR1300268",4,118.072427207323
"AMR1300269",4,24.6544224115325
"AMR1300270",3,0.101137141697109
"AMR1300271",4,52.1547816129839
"AMR1300310",3,0
"AMR1300311",2,0
"AMR1300312",3,0
"AMR1300313",2,0
"AMR1300314",2,0
"AMR1300315",3,0
"AMR1300352",3,0
"AMR1300377",4,18.956844484915
"AMR1300378",1,0
"AMR1300379",4,14.6155082613095
"AMR1300387",1,0
"AMR1300388",2,0
"AMR1300391",2,0
"AMR1300392",4,30
"AMR1300396",2,0
"AMR1300398",1,0
"AMR1300399",2,0
"AMR1300404",2,0
"AMR1300408",3,13.9999835800845
"AMR1300412",1,0
"AMR1300414",3,0
"AMR1300423",3,7.53688038093969
"AMR1300429",3,0
"AMR1300430",2,0
"AMR1300431",2,0
"AMR1300432",2,0
"AMR1300434",1,0
"AMR1300435",2,0
"AMR1300438",1,0
"AMR1300440",1,0
"AMR1300441",2,0
"AMR1300442",2,0
"AMR1300443",3,0
"AMR1300444",2,0
"AMR1300445",2,0
"AMR1300446",2,0
"AMR1300447",2,0
"CHB2012283",1,0
"CHB2012263",1,0
"CHB2012262",2,0
"CHB2012243",2,0
"CHB2012261",2,0
"CHB2012228",2,0
"CHB2012190",2,0
"CHB2012191",2,0
"CHB2012192",2,0
"CHB2012212",1,0
"CHB2012280",2,0
"CHB2012188",2,0
"CHB2012187",3,0
"CHB2012186",3,0
"CHB2012185",4,26.9640727211514
"CHB2012208",4,60.033405192495
"CHB2012148",3,8.02363118789127
"CHB2012131",1,0
"CHB2012130",2,0
"CHB2012265",1,0
"CHB2012247",1,0
"CHB2012999",0,0
"CHB2012998",0,0
"CHB2012997",1,0
"CHB2012996",1,0
"CHB2012292",2,0
"CHB2012183",4,46.2775876676323
"CHB2012222",1,0
"CHB2012181",2,0
"CHB2012020",2,0
"CHB2012026",1,0
"CHB2012034",1,0
"CHB2012044",2,0
"CHB2012043",2,0
"CHB2012033",2,0
"CHB2012012",2,0
"CHB2012229",3,0
"CHB2012248",2,0
"CHB2012169",2,0
"CHB2012170",2,0
"CHB2012149",1,0
"CHB2012138",2,0
"CHB2012153",1,0
"CHB2012175",1,0
"CHB2012218",1,0
"CHB2012013",0,0
"CHB2012232",1,0
"CHB2012231",1,0
"CHB2012230",3,0
"CHB2012045",2,0
"CHB2012171",2,0
"CHB2012252",1,0
"CHB2012211",2,0
"CHB2012210",3,0
"CHB2012189",2,0
"CHB2012008",1,0
"CHB2012015",1,0
"CHB2012007",3,0
"CHB2012992",1,0
"CHB2012993",1,0
"CHB2012006",1,0
"CHB2012167",3,0
"CHB2012168",2,0
"CHB2012281",3,0
"CHB2012282",1,0
"CHB2012014",2,0
"CHB2012995",0,0
"CHB2012994",1,0
"CHB2012039",2,0
"CHB2012051",2,0
"CHB2012050",2,0
"CHB2012038",1,0
"CHB2012193",1,0
"CHB2012214",2,0
"CHB2012991",1,0
"CHB2012990",1,0
"CHB2012065",2,0
"CHB2012078",2,0
"CHB2012003",1,0
"CHB2012266",2,0
"ELK2012776",NA,NA
"ELK2012441",NA,NA
"ELK2012001",NA,NA
"ELK2012002",NA,NA
"ELK2012440",NA,NA
"ELK2012003",NA,NA
"ELK2012004",NA,NA
"ELK2012005",NA,NA
"ELK2012006",NA,NA
"ELK2012630",NA,NA
"ELK2012010",NA,NA
"ELK2012007",NA,NA
"ELK2012008",NA,NA
"ELK2012009",NA,NA
"ELK2012402",NA,NA
"ELK2012403",NA,NA
"ELK2012586",NA,NA
"ELK2012650",NA,NA
"ELK2012615",NA,NA
"ELK2012119",NA,NA
"ELK2012566",NA,NA
"ELK2012625",NA,NA
"ELK2012800",NA,NA
"ELK2012721",NA,NA
"ELK2012629",NA,NA
"ELK2012658",NA,NA
"ELK2012749",NA,NA
"ELK2012719",NA,NA
"ELK2012750",NA,NA
"ELK2012828",NA,NA
"ELK2012829",NA,NA
"ELK2012856",NA,NA
"ELK2012857",NA,NA
"ELK2012799",NA,NA
"ELK2012624",NA,NA
"ELK2012595",NA,NA
"ELK2012801",NA,NA
"ELK2012510",NA,NA
"ELK2012587",NA,NA
"ELK2012527",NA,NA
"ELK2012564",NA,NA
"ELK2012512",NA,NA
"ELK2012511",NA,NA
"ELK2012536",NA,NA
"ELK2012716",NA,NA
"ELK2012717",NA,NA
"ELK2012745",NA,NA
"ELK2012622",NA,NA
"ELK2012652",NA,NA
"ELK2012653",NA,NA
"ELK2012623",NA,NA
"ELK2012772",NA,NA
"ELK2012771",NA,NA
"ELK2012744",NA,NA
"ELK2012565",NA,NA
"ELK2012594",NA,NA
"ELK2012690",NA,NA
"ELK2012659",NA,NA
"ELK2012591",NA,NA
"ELK2012572",NA,NA
"ELK2012751",NA,NA
"ELK2012779",NA,NA
"ELK2012571",NA,NA
"ELK2012570",NA,NA
"ELK2012599",NA,NA
"ELK2012892",NA,NA
"ELK2012864",NA,NA
"ELK2012891",NA,NA
"ELK2012543",NA,NA
"ELK2012593",NA,NA
"ELK2012592",NA,NA
"ELK2012590",NA,NA
"ELK2012589",NA,NA
"ELK2012600",NA,NA
"ELK2012617",NA,NA
"ELK2012618",NA,NA
"ELK2012619",NA,NA
"ELK2012620",NA,NA
"ELK2012621",NA,NA
"ELK2012893",NA,NA
"RCH1100090",2,0
"RCH1100065",2,0
"RCH1100111",2,0
"RCH1100086",1,0
"RCH1100076",1,0
"RCH1100197",2,0
"RCH1100149",1,0
"RCH1100250",4,59.3824747972984
"RCH1100234",4,21.0047893403098
"RCH1100209",3,0
"RCH1100173",3,0
"RCH1100150",3,0
"RCH1100198",3,0
"RCH1100248",4,41.2110758262462
"RCH1100484",3,0
"RCH1100460",3,0
"RCH1100458",3,0
"RCH1100881",2,0
"RCH1100235",3,0
"RCH1100210",3,0
"RCH1100075",3,0
"RCH1100100",2,0
"RCH1100112",2,0
"RCH1100110",3,0
"RCH1100063",1,0
"RCH1100095",3,0
"RCH1100503",2,0
"RCH1100479",3,0
"RCH1100519",3,0
"RCH1100477",2,0
"RCH1100430",2,0
"RCH1100084",2,0
"RCH1100732",3,0
"RCH1100114",3,0
"RCH1100070",2,0
"RCH1100264",4,18.842812789768
"RCH1100089",2,0
"RCH1100066",4,12.8271636094621
"RCH1100408",4,26.1992919612459
"RCH1100739",4,57.0120365145912
"RCH1100355",2,0
"RCH1100774",2,0
"RCH1100350",1,0
"RCH1100352",2,0
"RCH1100022",4,49.2105618980713
"RCH1100009",2,0
"RCH1100039",2,0
"RCH1100871",3,0
"RCH1100379",2,0
"RCH1100152",1,0
"RCH1100243",4,23.9498371565714
"RCH1100406",3,1.16000549083125
"RCH1100463",4,76.4319259007985
"RCH1100428",1,0
"RCH1100403",2,0
"RCH1100772",3,0
"RCH1100825",2,0
"RCH1100850",1,0
"RCH1100452",0,0
"RCH1100401",0,0
"RCH1100175",2,0
"RCH1100852",0,0
"RCH1100848",2,0
"RCH1100901",0,0
"RCH1100041",1,0
"RCH1100001",0,0
"RCH1100799",2,0.323379690900622
"RCH1100261",0,0
"RCH1100191",0,0
"RCH1100117",2,0
"RCH1100886",0,0
"RCH1100432",3,0
"RCH1100843",2,0
"RCH1100789",2,0
"RCH1100841",2,0
"RCH1100897",2,0
"RCH1100819",2,0
"RCH1100737",4,36.6634533558001
"RCH1100768",4,39.1131463594688
"RCH1100004",0,0
"RCH1100015",0,0
"RCH1100026",0,0
"RCH1100042",0,0
"RCH1100046",4,29.8310056221671
"RCH1100053",0,0
"RCH1100061",1,0
"RCH1100058",2,0
"RCH1100080",3,13.1176918008152
"RCH1100091",4,42.1310583465629
"RCH1100096",0,0
"RCH1100115",1,0
"RCH1100133",4,36.4677788998719
"RCH1100140",2,0
"RCH1100159",4,22.3126126057468
"RCH1100163",2,0
"RCH1100170",4,69.9370743560372
"RCH1100187",3,0
"RCH1100219",0,0
"RCH1100224",4,47.5860530448454
"RCH1100259",3,0
"RCH1100271",4,36.8770471128523
"RCH1100280",2,0
"RCH1100326",1,0
"RCH1100633",3,0
"RCH1100668",2,0
"RCH1100667",4,33.5773253066259
"RCH1100698",2,0
"RCH1100703",4,62.7373140561434
"RCH1100727",3,18.0766248809432
"RCH1100733",2,0
"RCH1100738",4,97.0592330594723
"RCH1100767",2,0
"RCH1100803",1,0
"RCH1100860",1,0
"RCH1100839",2,0
"RCH1100861",1,0
"RCH1100877",1,0
"RCH1100879",2,0
"RCH1100888",0,0
"RCH1100893",0,0
"RCH1100895",1,0
"RUS1100029",0,0
"RUS1100030",0,0
"RUS1100031",0,0
"RUS1100032",0,0
"RUS1100033",0,0
"RUS1100034",1,0
"RUS1100051",2,0
"RUS1100078",2,0
"RUS1100079",2,0
"RUS1100080",3,0
"RUS1100097",0,0
"RUS1100098",0,0
"RUS1100099",0,0
"RUS1100100",0,0
"RUS1100112",3,7.07486984309868
"RUS1100113",2,0
"RUS1100115",4,47.6772566003203
"RUS1100116",4,37.7399161006324
"RUS1100131",0,0
"RUS1100132",1,0
"RUS1100133",2,0
"RUS1100134",2,0
"RUS1100135",3,0
"RUS1100136",3,0
"RUS1100138",3,0
"RUS1100143",3,0
"RUS1100146",4,16.3756899223663
"RUS1100149",4,92.6466872895741
"RUS1100150",4,31.7319556635272
"RUS1100151",4,60.2616947457071
"RUS1100165",1,0
"RUS1100166",2,0
"RUS1100167",3,12.7603940586559
"RUS1100168",4,18.8115414716303
"RUS1100169",2,0
"RUS1100170",2,0
"RUS1100171",2,0
"RUS1100172",2,0
"RUS1100178",3,7.10809457780199
"RUS1100179",3,0
"RUS1100180",4,63.9938444311249
"RUS1100181",4,32.2283062330347
"RUS1100182",3,13.5062295962125
"RUS1100204",4,24.8603879171839
"RUS1100205",4,17.1289439378306
"RUS1100206",3,16.6899781702163
"RUS1100207",3,0
"RUS1100250",2,0
"RUS1100279",4,34.5886556396245
"RUS1100280",4,51.5653929871112
"RUS1100281",4,48.3505909747235
"RUS1100311",4,49.2380818852826
"RUS1100352",3,13.8091825825265
"RUS1100353",3,15.0858347163114
"RUS1100373",4,22.1873706350144
"RUS1100392",4,60.2192235631978
"RUS1100393",1,0
"RUS1100394",2,0
"RUS1100516",2,0
"RUS1100517",3,0
"RUS1100534",3,0
