,Regen_Plot,Fire,Year.of.Fire,aspect,slope,SHRUB,FORB,GRASS,HARDWOOD,CONIFER,FIRE_SEV,BA.Live1,Year,firesev,dist.to.low,fire.abbr,X5yr,fire.year,survey.years.post,elev.m,rad.march,tmean.post,ppt.post,ppt.post.min,tmean.normal,ppt.normal,seed.tree.any,diff.norm.ppt.z,diff.norm.ppt.min.z,seed_tree_distance_general,seed_tree_distance_conifer,seed_tree_distance_hardwood,diff.norm.ppt.z.1,diff.norm.ppt.min.z.1,tmean.post.1,tmean.post.max,ppt.post.1,ppt.post.min.1,perc.norm.ppt,perc.norm.ppt.min,tmean.post.2,tmean.normal.1,diff.norm.tmean.z,diff.norm.tmean.max.z,def.normal,aet.normal,diff.norm.def.z,diff.norm.aet.z,diff.norm.def.max.z,diff.norm.aet.min.z,def.post,aet.post,def.post.max,aet.post.min,snow.post.min,snow.normal,snow.post,diff.norm.snow.z,diff.norm.snow.min.z,dominant_shrub_ht_cm,dom.veg.all,ppt.normal.sq,tmean.normal.sq,snow.normal.sq,FIRE_SEV.cat,type,rel_yrs,plant_yrs,salv_yrs,released,salvaged,planted,managed
1,AMR1300247,American River,2008,292,14,6,35,0.5,0,1,5,0,2013,4,34.5835807772281,AMR,Y,2008,5,5653.39153209562,5653.39153209562,10.2878818010653,1874.28137625624,1548.06186701724,10.4414665062506,1767.18306493014,29.4,0.406677899352916,-0.182577248868941,29.4,NA,NA,0.406677899352916,-0.182577248868941,10.2878818010653,10.2878818010653,1874.28137625624,1548.06186701724,1.06060397106077,0.876005376997226,10.2878818010653,10.4414665062506,-0.6513930464229,0.680776066067986,581.671266279303,694.117340869224,-1.0154366899117,0.842491371588502,-0.359857996800898,0.358297936911842,470.121969779283,768.2435696524,542.139598001158,725.642025560048,282.612014834845,254.783220941899,343.266195834415,0.809902920692324,0.255382688022848,55,NA NA NA PIPO PILA CADE27,3122935.98497588,109.024222801153,64914.4896735285,high.sev,highsev,,2009,,0,0,1,1
2,ANT1200538,Antelope,2007,166,22,10,0.5,60,0,0,4,80,2012,2,0,ANT,Y,2007,5,6455.31230234094,6455.31230234094,9.08295388556195,441.963442155214,358.549289155624,9.21406747335813,642.403558460459,8.8,-0.509383166018745,-0.851236033972669,8.8,NA,NA,-0.509383166018745,-0.851236033972669,9.08295388556195,9.08295388556195,441.963442155214,358.549289155624,0.687984112688282,0.558137146710238,9.08295388556195,9.21406747335813,-0.375512989191679,0.534946058439393,780.006495068302,417.982389611714,-0.117986527331796,-0.105620818602539,0.710462683052748,-1.37429060574568,765.116054091135,408.33916649342,869.670144704557,292.509105879158,214.906805358924,161.198415466854,233.213634278019,0.775218494276116,0.58094608818673,6,NA NA NA ABCO PSME PIPO,412682.33192266,84.8990394035963,25984.9291490245,high.sev,highsev,,2010,,0,0,1,1
3,ANT1201775,Antelope,2007,195,37,0,1,70,0,0,4,0,2012,4,63.6259834115531,ANT,Y,2007,5,5681.63922391336,5681.63922391336,8.55038991774121,412.812364327438,343.072725074289,8.6747579237007,615.630401606315,38,-0.528181719426064,-0.825225628046278,38,NA,NA,-0.528181719426064,-0.825225628046278,8.55038991774121,8.55038991774121,412.812364327438,343.072725074289,0.67055227170445,0.557270602912294,8.55038991774121,8.6747579237007,-0.378384833471683,0.536255331215002,786.573257648751,399.42387297246,-0.0959315031963,-0.108627085076105,0.632029640703884,-1.24810507148897,774.524690163462,389.537185299451,865.953352039034,285.827664289651,241.378739354283,181.843704249252,258.90841432376,0.776521089797884,0.602767197453317,NA,NA NA NA PIJE PIPO PSME,379000.791381953,75.2514250348081,33067.1327750894,high.sev,highsev,,2010,2009,0,1,1,1
4,ANT1201777,Antelope,2007,184,24,25,0,20,0,0.5,4,30,2012,4,82.9733499719327,ANT,Y,2007,5,5166.3238516927,5166.3238516927,8.50863424058882,412.59406259388,342.744467310052,8.63717002397785,616.58907226763,13.4,-0.527680614391489,-0.825525755491427,13.4,NA,NA,-0.527680614391489,-0.825525755491427,8.50863424058882,8.50863424058882,412.59406259388,342.744467310052,0.669155651877648,0.555871783535736,8.50863424058882,8.63717002397785,-0.376808877444504,0.541867267832776,786.47103678764,398.785142279407,-0.096507716383246,-0.106133476132664,0.633539090582736,-1.24814249171562,774.365551735011,389.142781311105,865.939272890645,285.389813269788,241.902544063999,182.826807764954,259.179041828745,0.769758235510579,0.598504596926419,6,NA NA NA PIPO PSME,380182.084039857,74.6007060231015,33425.6416375234,high.sev,highsev,,2010,2009,0,1,1,1
5,ANT1201832,Antelope,2007,270,45,55,0.5,40,0,0,4,0,2012,3,7.51328260917217,ANT,Y,2007,5,6631.59352444941,6631.59352444941,8.60569309711131,411.754557302646,342.976517779508,8.72069226603051,612.990584095787,33.6,-0.530106947749444,-0.822852930613799,33.6,NA,NA,-0.530106947749444,-0.822852930613799,8.60569309711131,8.60569309711131,411.754557302646,342.976517779508,0.671714326428062,0.559513517300478,8.60569309711131,8.72069226603051,-0.383665981362749,0.518783196834293,787.29443056999,399.819559951434,-0.093675763708731,-0.114935394854859,0.62519545573761,-1.24299256075455,775.48947689628,389.304171693343,866.081120956042,286.098722303827,241.394329152571,180.584873330202,259.461617006331,0.791282732734849,0.612820452551817,133,NA NA NA PIJE PSME,375757.456190094,76.0504735988043,32610.8964756851,high.sev,highsev,,2010,,0,0,1,1
6,ANT1201842,Antelope,2007,169,31,11,0.5,50,0,0,5,0,2012,4,107.677174019049,ANT,Y,2007,5,5101.95689210175,5101.95689210175,8.37493002260763,410.418969646862,341.159751250454,8.50326007852615,616.56335607816,47.3,-0.527538283324245,-0.824168301450918,47.3,NA,NA,-0.527538283324245,-0.824168301450918,8.37493002260763,8.37493002260763,410.418969646862,341.159751250454,0.665655792873351,0.55332472792497,8.37493002260763,8.50326007852615,-0.374795764456465,0.550251599545368,787.131538179312,396.5619968902,-0.096515909206456,-0.102437090061745,0.631135945650957,-1.24276305259643,775.049597774054,387.280727073173,866.13765173785,283.961968884461,243.20261311289,184.967415165426,260.120792332394,0.757568670010131,0.590083998774026,9,NA NA NA PSME PIPO,380150.372058364,72.3054319630565,34212.9446729791,high.sev,highsev,,2009,,0,0,1,1
7,ANT1201850,Antelope,2007,95,12,95,0.5,5,0,0.5,5,0,2012,4,50.9839878341222,ANT,Y,2007,5,4580.21561781403,4580.21561781403,8.25904360521419,409.312678051329,339.688618222954,8.39075971319448,618.236959452269,36.5,-0.525404116117571,-0.825055979431517,36.5,NA,NA,-0.525404116117571,-0.825055979431517,8.25904360521419,8.25904360521419,409.312678051329,339.688618222954,0.662064394231562,0.54944728397329,8.25904360521419,8.39075971319448,-0.368932538912023,0.568041665686713,786.991785727227,393.869249365544,-0.101389998554873,-0.088508834610594,0.628387532622529,-1.22968502096925,774.367702985922,385.893803382311,865.232404313864,283.06351449987,244.624134076211,188.446091812973,260.633444617195,0.72999080920391,0.571356056383162,120,NA NA NA PIPO,382216.938032787,70.4048485645675,35511.9295195834,high.sev,highsev,,2009,,0,0,1,1
8,ANT1201856,Antelope,2007,132,11,25,0.5,25,0,0,5,0,2012,4,44.1172206286956,ANT,Y,2007,5,5649.67427093012,5649.67427093012,8.20633698671278,408.311328941761,338.486929393506,8.3371564289156,617.358676663246,72,-0.523800445664384,-0.825472268638406,72,NA,NA,-0.523800445664384,-0.825472268638406,8.20633698671278,8.20633698671278,408.311328941761,338.486929393506,0.661384288220647,0.548282452630276,8.20633698671278,8.3371564289156,-0.370299305951535,0.565481558440858,787.026590042752,391.613653377421,-0.103481343842857,-0.079398862140667,0.631006243336415,-1.22467451877338,774.191374741857,384.477568856494,865.292881227864,281.544306777597,245.60565680654,191.002446050069,260.959579351924,0.708997173725915,0.556803084660999,70,NA NA NA PIPO PSME,381131.735651394,69.5081773202087,36481.9343971095,high.sev,highsev,,2009,,0,0,1,1
9,BST1100110,Bassetts,2006,198,10,50,6,0,0,8,4,20,2011,NA,NA,BST,Y,2006,5,6502.8651603607,6502.8651603607,8.08406078795176,1389.78442034126,1174.39820285441,7.90432693462657,1813.14625524133,1.9,-0.613274989311987,-0.968414863821739,1.9,NA,NA,-0.613274989311987,-0.968414863821739,8.08406078795176,8.08406078795176,1389.78442034126,1174.39820285441,0.766504310572719,0.647712891036525,8.08406078795176,7.90432693462657,0.214271423961363,0.591455126437408,566.497905646561,592.695657511419,0.302522370245562,-0.302423259179867,1.01433020338274,-1.61491520145465,598.057253678725,567.32230592045,672.313551220497,457.204057734235,325.24815824947,372.057838021768,382.889305225764,0.095259119504425,-0.405471013689537,20,NA NA NA ABMA PIPO,3287499.34289566,62.4783842894631,138427.034833432,high.sev,highsev,,,2007,0,1,0,1
10,BST1100137,Bassetts,2006,254,32,30,60,5,0,5,5,0,2011,NA,NA,BST,Y,2006,5,6184.67245130149,6184.67245130149,8.14630530823239,1386.32219910759,1173.69228531009,7.97027813582486,1819.38344302129,19.9,-0.61311834146756,-0.964165442072557,19.9,NA,NA,-0.61311834146756,-0.964165442072557,8.14630530823239,8.14630530823239,1386.32219910759,1173.69228531009,0.761973625969381,0.645104411503846,8.14630530823239,7.97027813582486,0.209067483367788,0.585593477461231,567.223171510131,590.702833769353,0.301416088583895,-0.297343402914091,0.994104780930769,-1.58989986585597,598.778426541203,565.778482507772,671.296016583717,457.431934401917,330.401931792197,375.187930100941,385.135955772068,0.088672527154064,-0.394617208531353,40,NA NA NA CADE27 PIPO,3310156.11274,63.5253335624078,140765.982893429,high.sev,highsev,2009,2008,2007,1,1,1,1
11,BST1100161,Bassetts,2006,220,8,60,0,0,0,0,4,20,2011,NA,NA,BST,Y,2006,5,6292.09635667908,6292.09635667908,8.00446865013041,1388.94122205268,1174.88551454917,7.81456141873573,1826.04169137732,11.2,-0.61372225467977,-0.965993205110354,11.2,NA,NA,-0.61372225467977,-0.965993205110354,8.00446865013041,8.00446865013041,1388.94122205268,1174.88551454917,0.760629523746007,0.643405635313285,8.00446865013041,7.81456141873573,0.21495205192048,0.592261232048474,566.638267080286,586.532597993726,0.302499093840645,-0.293270204050583,0.989769538033993,-1.60815940170156,597.983454517356,562.355702875667,669.1989435282,453.957584742964,332.336561256828,377.495251866077,387.36509016271,0.0887246681624,-0.401702997248952,25,NA NA NA PIPO ABMA PSME PILA,3334428.25864814,61.067370167193,142502.665181433,high.sev,highsev,2008,2007,,1,0,1,1
12,BST1100195,Bassetts,2006,180,38,60,0.5,0,0,0,5,0,2011,NA,NA,BST,Y,2006,5,7484.00184981157,7484.00184981157,8.26328157851505,1377.53071751256,1172.75942135031,8.06032360446032,1828.70551385157,27,-0.612301504716203,-0.951907112399153,27,NA,NA,-0.612301504716203,-0.951907112399153,8.26328157851505,8.26328157851505,1377.53071751256,1172.75942135031,0.753281874571067,0.641305782952596,8.26328157851505,8.06032360446032,0.21027290313459,0.589171366899687,568.733427311697,588.225721859521,0.31348043924291,-0.302577783365536,0.985717412358798,-1.56591107050736,601.936579952157,562.772010425576,673.138428727264,456.496788966382,342.585669506772,382.359311228886,389.942885756804,0.069506888242206,-0.36549197874589,150,NA NA NA ABMA,3344163.85639113,64.9688166086202,146198.642883428,high.sev,highsev,2008,2007,,1,0,1,1
13,BST1100198,Bassetts,2006,138,30,1,30,0,0,10,4,240,2011,NA,NA,BST,Y,2006,5,6728.25327838058,6728.25327838058,8.21735355063262,1368.26264842261,1166.69610825138,8.01381772867471,1826.69408743321,9.7,-0.61069088396027,-0.947772206181343,9.7,NA,NA,-0.61069088396027,-0.947772206181343,8.21735355063262,8.21735355063262,1368.26264842261,1166.69610825138,0.749037651041633,0.638692661391799,8.21735355063262,8.01381772867471,0.209675328258494,0.58886947446873,569.946638527614,585.616084248661,0.318979366212006,-0.304425049227824,0.971583551154854,-1.5464680700525,603.573055818171,560.200912165032,672.369796212554,456.507943437268,344.818989914226,383.096010633489,390.081361105842,0.064116206384657,-0.353871155125955,15,NA NA NA ABMA ABCO CADE27 PILA PIPO,3336811.28906345,64.2212745884211,146762.553363294,high.sev,highsev,2011,2008,,1,0,1,1
14,BST1100265,Bassetts,2006,144,42,55,25,0,0,0.5,5,20,2011,NA,NA,BST,Y,2006,5,7210.97066323452,7210.97066323452,7.87310640565423,1375.4672457658,1173.39090961165,7.66201144190454,1827.67054183986,31.7,-0.612472821577755,-0.947373627254348,31.7,NA,NA,-0.612472821577755,-0.947373627254348,7.87310640565423,7.87310640565423,1375.4672457658,1173.39090961165,0.752579425163335,0.64201445651711,7.87310640565423,7.66201144190454,0.230396133996499,0.611684276394364,569.513151245246,576.256077168175,0.305972904377018,-0.267092135668019,0.927726162469878,-1.49443267496465,601.6908002266,554.081994072835,667.07749887124,452.187750587994,354.081508510126,391.887570274161,397.611713437455,0.054036064702638,-0.365955901110327,90,NA NA NA PIPO ABMA,3340379.60950921,58.7064193358761,153575.867735385,high.sev,highsev,2008,2007,,1,0,1,1
15,BST1100287,Bassetts,2006,202,43,90,0.5,0,0,1,5,0,2011,NA,NA,BST,Y,2006,5,7462.69628294581,7462.69628294581,7.69341274078246,1371.12698991549,1170.54461317363,7.48535593956769,1823.36364873545,9,-0.612129076980974,-0.945562497479564,9,NA,NA,-0.612129076980974,-0.945562497479564,7.69341274078246,7.69341274078246,1371.12698991549,1170.54461317363,0.751976705725379,0.641969918609178,7.69341274078246,7.48535593956769,0.23625421137744,0.618837562487911,569.790648231971,571.800160815391,0.307847983918872,-0.279121370406863,0.904926496855204,-1.50654104432537,602.177987720747,548.684476059341,664.994005723383,447.034623150134,358.066661223714,395.226125407415,400.262419150566,0.047860850090542,-0.366632837474349,60,NA NA NA PREM ARPA6,3324654.99552985,56.0305535420213,156203.690204558,high.sev,highsev,2008,2007,,1,0,1,1
16,BST1100288,Bassetts,2006,236,33,85,0.5,0,0,0,5,0,2011,NA,NA,BST,Y,2006,5,7374.16478347607,7374.16478347607,7.67184862739232,1365.85229970913,1166.54863212556,7.4637986742932,1822.04933823384,36,-0.611458893441526,-0.944330927406033,36,NA,NA,-0.611458893441526,-0.944330927406033,7.67184862739232,7.67184862739232,1365.85229970913,1166.54863212556,0.749624212170396,0.640239870373832,7.67184862739232,7.4637986742932,0.236408829884293,0.619513180815192,570.539740526953,570.434728054591,0.311168094316464,-0.282874614228593,0.902482898698635,-1.50039054588718,603.262587721862,547.026225452854,665.446032430067,446.274077963029,358.755297599525,395.588751715933,400.418791662904,0.045850048470417,-0.36450821799991,100,NA NA NA ABMA ABCO PIPO,3319863.79095837,55.7082906503809,156490.46048417,high.sev,highsev,2007,2007,,1,0,1,1
17,BST1100289,Bassetts,2006,224,50,60,2,0,0,1,5,0,2011,NA,NA,BST,Y,2006,5,6953.14278172507,6953.14278172507,7.67283918973826,1360.59996951739,1162.56811042958,7.46616148098905,1819.42520835188,50.5,-0.610781805732195,-0.943091313010059,50.5,NA,NA,-0.610781805732195,-0.943091313010059,7.67283918973826,7.67283918973826,1360.59996951739,1162.56811042958,0.747818576587649,0.638975488023873,7.67283918973826,7.46616148098905,0.23538732249706,0.618784130873739,571.290461333129,569.073145926901,0.314407494255546,-0.286543906706763,0.899985669173161,-1.49399298712949,604.341452333919,545.375546496454,665.898315141173,445.517744704836,359.56702432508,396.039197883283,400.766658476115,0.044832043999363,-0.362385544353867,80,NA NA NA PIPO ABMA,3310308.08878628,55.7435672602046,156847.046260034,high.sev,highsev,2007,2007,,1,0,1,1
18,BST1100291,Bassetts,2006,160,19,5,65,10,10,0,5,0,2011,NA,NA,BST,Y,2006,5,7049.90373781587,7049.90373781587,7.81731194411826,1349.86705436201,1154.41992957036,7.6220093206388,1805.99594111621,15.7,-0.609348350938866,-0.940524857460392,15.7,NA,NA,-0.609348350938866,-0.940524857460392,7.81731194411826,7.81731194411826,1349.86705436201,1154.41992957036,0.747436372159128,0.639215129607025,7.81731194411826,7.6220093206388,0.225637594869066,0.608093245978151,572.732927288208,566.466422105581,0.321557899705841,-0.294108746462026,0.895125966059656,-1.47706006399947,606.527641479592,542.088380455946,666.80782395828,444.036089134028,361.952437949727,397.456268786481,402.617908519465,0.049027093886506,-0.357858932208039,80,NA NA NA ALNUS PIPO ABCO ABMA,3261621.33932822,58.0950260839047,157971.485597671,high.sev,highsev,2008,2007,,1,0,1,1
19,BST1100310,Bassetts,2006,225,45,45,5,0,0,0.5,5,0,2011,NA,NA,BST,Y,2006,5,7375.201154706,7375.201154706,7.50798035283034,1360.93295372197,1163.17639570143,7.30015307948639,1816.63897921796,41,-0.61118107377926,-0.942627097115855,41,NA,NA,-0.61118107377926,-0.942627097115855,7.50798035283034,7.50798035283034,1360.93295372197,1163.17639570143,0.749148823343996,0.640290343325212,7.50798035283034,7.30015307948639,0.242529419328934,0.62654889577085,571.241432795329,566.527282444543,0.309231083174688,-0.278351560025055,0.876322267219079,-1.4489098689479,603.773238592499,543.499639139545,663.432507250812,446.660953546583,362.680237475608,398.975509089976,403.231655881082,0.040507183585465,-0.366609465446506,50,NA NA NA ABMA,3300177.18081407,53.2922349839346,159181.456853606,high.sev,highsev,2007,2007,,1,0,1,1
20,BST1100326,Bassetts,2006,185,35,60,2,0.5,0,3,5,0,2011,NA,NA,BST,Y,2006,5,7583.54401649232,7583.54401649232,7.49649035609725,1383.42736085497,1180.06132995437,7.30510849016967,1835.79684488713,7.3,-0.614053315964476,-0.947802324092723,7.3,NA,NA,-0.614053315964476,-0.947802324092723,7.49649035609725,7.49649035609725,1383.42736085497,1180.06132995437,0.753584125992996,0.642806056258869,7.49649035609725,7.30510849016967,0.239862652397201,0.621358732476311,568.374426712077,567.561637461237,0.290189353638287,-0.254019867796434,0.864203960514924,-1.42812511276767,598.958692480159,546.616765699031,659.456484943487,449.807472770166,362.728730770962,400.05104461674,404.741390465915,0.045210391295704,-0.376741523054576,35,NA NA NA ABMA,3370150.05569754,53.364610053149,160040.838298945,high.sev,highsev,,2008,2007,0,1,1,1
21,BST1100328,Bassetts,2006,170,52,20,15,0.5,0,0.5,4,180,2011,NA,NA,BST,Y,2006,5,7638.43566451876,7638.43566451876,7.40446096631564,1378.40483899326,1176.94753361952,7.20201233144089,1820.73302552825,6.5,-0.613423248957315,-0.945584573359645,6.5,NA,NA,-0.613423248957315,-0.945584573359645,7.40446096631564,7.40446096631564,1378.40483899326,1176.94753361952,0.757060381542399,0.646414118444439,7.40446096631564,7.20201233144089,0.246455356862884,0.629723958175571,568.9860970737,567.079773981389,0.294889611263324,-0.259494599149311,0.864245887537742,-1.42748540848762,600.100762403539,545.631304750952,660.175208274415,449.091280343311,364.002791664346,400.851322643976,405.128485814048,0.041078079833214,-0.374544958408609,40,NA NA NA ABMA,3315068.75024925,51.8689816222266,160681.782865425,high.sev,highsev,,2008,2007,0,1,1,1
22,BST1100361,Bassetts,2006,198,32,85,5,0.5,0,0,5,0,2011,NA,NA,BST,Y,2006,5,7600.71810210422,7600.71810210422,7.30782655389262,1385.32892655321,1181.87633217844,7.11577628708361,1867.1508320581,56.3,-0.614652784618681,-0.947279647027113,56.3,NA,NA,-0.614652784618681,-0.947279647027113,7.30782655389262,7.30782655389262,1385.32892655321,1181.87633217844,0.741948054098129,0.632983855340544,7.30782655389262,7.11577628708361,0.236881043293276,0.616472076669662,567.282348423756,561.000133031878,0.291777477315366,-0.268326798501601,0.835625949905399,-1.35580100727814,597.933350515155,539.187252665093,655.064218956875,450.784063157112,368.774433781116,405.422535166587,409.357798105871,0.038187369810803,-0.380452632489591,70,NA NA NA ABMA ABCO,3486252.22965525,50.6342721678214,164367.432020902,high.sev,highsev,2011,2008,2007,1,1,1,1
23,BTU1300020,BTU Lightning,2008,218,53,79,40,0,6,0,5,0,2013,NA,NA,BTU,Y,2008,5,6243.96901804577,6243.96901804577,13.5485701113245,1882.97487038157,1569.68174856216,13.8680443919287,1841.18852621633,7,0.338964902491049,-0.230936771550846,7,NA,NA,0.338964902491049,-0.230936771550846,13.5485701113245,13.5485701113245,1882.97487038157,1569.68174856216,1.02269530988829,0.852537220502824,13.5485701113245,13.8680443919287,-0.755099019344977,0.550384506234278,618.111101035932,721.244174160252,-1.08097454079557,0.984406409369773,-0.565400064775875,0.464335908496976,487.887489845188,817.520680929558,549.998083176689,766.656961818005,20.0286578702827,24.4929095506917,49.7492939504951,1.0268046341724,-0.148986175084015,200,NA NA NA UMCA QUKE,3389975.18907066,192.322655256505,599.902618258365,high.sev,highsev,,2010,,0,0,1,1
24,CHI1886,Chips,2012,NA,NA,10,65,0.5,2,0,5,0,2016,NA,NA,CHI,n,2012,4,3301.44576136311,3301.44576136311,11.5870969415525,688.914693161338,511.885491035944,10.2633755076858,1087.97377845206,NA,-0.757099491237377,-1.23135795236674,68,NA,NA,-0.757099491237377,-1.23135795236674,11.5870969415525,11.5870969415525,688.914693161338,511.885491035944,0.63320891257279,0.470494327321235,11.5870969415525,10.2633755076858,1.54915527695792,2.3569861984667,693.765059940301,559.43722126122,1.10689968250255,-0.507744874751078,1.65745678100403,-1.09009533164103,834.454821319703,508.967270403877,904.432027057794,451.081508473939,6.42203440072368,188.282379155298,70.7289926436095,-1.28696431076633,-1.97463915048272,40,PIPO PSME  NA,1183686.94259925,105.336876811765,35450.2543003794,high.sev,highsev,,,"2013, 2013",0,1,0,1
25,FRD0900007,Freds,2004,17,7,25,30,30,NA,NA,4,0,2009,NA,NA,FRD,Y,2004,5,5894.40662736982,5894.40662736982,10.2115277280435,1444.01886911402,893.678149236922,10.0932830600846,1325.13715547863,21.1,0.52319663946157,-0.766538888713992,21.1,NA,NA,0.52319663946157,-0.766538888713992,10.2115277280435,10.2115277280435,1444.01886911402,893.678149236922,1.0897127615386,0.674404264903531,10.2115277280435,10.0932830600846,-0.099247356198388,0.370199944466696,624.982755896916,644.368091119076,-0.206651173833942,0.221645963385122,0.699181919956585,-0.86463302775449,600.094182578452,666.431188714599,709.1905547443,558.300731333626,119.096350586744,185.634878040341,225.00480648893,0.46984747278053,-0.788485195842383,160,NA NA NA PIPO,1755988.48082999,101.874362930991,34460.3079450523,high.sev,highsev,2006,2006,,1,0,1,1
26,FRD0900026,Freds,2004,146,71,65,6,0,5,NA,4,0,2009,NA,NA,FRD,Y,2004,5,6828.74284599167,6828.74284599167,10.5168456858051,1283.64385163251,798.966436782948,10.419770456007,1173.11984083516,20,0.464356655559903,-0.821704757849658,20,NA,NA,0.464356655559903,-0.821704757849658,10.5168456858051,10.5168456858051,1283.64385163251,798.966436782948,1.09421374266304,0.681061225777371,10.5168456858051,10.419770456007,-0.104453224632454,0.377959489953921,637.831673892362,620.064704183651,-0.184140391956465,0.200009633969048,0.837264088707265,-0.870512602221646,615.600661004465,639.923210468367,738.913400442752,533.633467652223,136.076569138904,202.692917987963,240.347548321562,0.429784203180529,-0.762738458613609,30,NA NA NA PIJE PIPO CADE27 QUCH2 QUKE,1376210.16096111,108.571616355876,41084.4190024751,high.sev,highsev,"2007, 2009",2007,,1,0,1,1
27,FRD0900030,Freds,2004,167,60,17,1,12,NA,NA,5,0,2009,NA,NA,FRD,Y,2004,5,7779.5862474065,7779.5862474065,10.1553013958438,1232.99612617611,765.498603297697,10.0676264323845,1145.40000540197,31.36,0.437033896213666,-0.852768326785946,31.36,NA,NA,0.437033896213666,-0.852768326785946,10.1553013958438,10.1553013958438,1232.99612617611,765.498603297697,1.07647644522527,0.66832425326299,10.1553013958438,10.0676264323845,-0.105942035680714,0.404377629926787,639.286503298831,610.707210350105,-0.154926108626297,0.168308126350453,0.892995056731459,-0.901249348218865,620.725804428333,627.341346487176,746.270487391635,521.635430651818,143.558397844691,218.051662736147,252.529505875813,0.377110187283389,-0.828220843536904,40,NA NA NA PILA PIPO ABCO CADE27 QUCH2,1311941.17237483,101.357101982047,47546.5276219984,high.sev,highsev,2009,,,1,0,0,1
28,FRD0900031,Freds,2004,195,73,10,1,15,NA,NA,5,0,2009,NA,NA,FRD,Y,2004,5,7898.11168443255,7898.11168443255,10.1625547281402,1231.32921562359,764.247908570621,10.0676728348913,1146.52273954124,32.22,0.435380544838214,-0.854483256522743,32.22,NA,NA,0.435380544838214,-0.854483256522743,10.1625547281402,10.1625547281402,1231.32921562359,764.247908570621,1.07396842047484,0.666578936651898,10.1625547281402,10.0676728348913,-0.104011268361543,0.406595989474351,638.961820279727,610.160109731225,-0.151733501462768,0.164288724387296,0.896124978792684,-0.908044222456181,620.799930216108,626.390364856022,746.224377270739,520.453470094059,144.313956056327,219.493017814045,253.691419125337,0.372546695201868,-0.833505390561139,60,NA NA NA PIPO CADE27 QUCH2,1314514.39228515,101.358036310408,48177.1848691167,high.sev,highsev,2009,,,1,0,0,1
29,HAR1000040,Harding,2005,330,25,37,1,5,0,2,5,0,2010,NA,NA,HAR,Y,2005,5,5222.13127208629,5222.13127208629,9.31186751516369,563.07570026174,356.937713924137,9.07907418919638,666.741743566169,19,-0.126994569135596,-1.02457950395945,19,NA,NA,-0.126994569135596,-1.02457950395945,9.31186751516369,9.31186751516369,563.07570026174,356.937713924137,0.844518444653015,0.53534628267761,9.31186751516369,9.07907418919638,0.134738384088577,0.420764456410433,768.916948912407,413.700606214949,0.616062121066407,-0.873405174238987,0.926448716194201,-1.58306296657849,838.89270028297,343.551300420938,874.148130647398,286.553697301284,79.3953116550174,156.492025760633,199.526792452143,0.50088226122099,-0.951613340259087,10,NA NA NA CADE27 PIJE,444544.552613655,82.4295881329319,24489.7541266666,high.sev,highsev,,2007,,0,0,1,1
30,MOO1200339,Moonlight,2007,92,5,80,4,0,0,0.5,5,0,2012,NA,NA,MOO,Y,2007,5,4326.4844840096,4326.4844840096,7.63946694582716,566.9153779183,469.959574188744,7.78014350588202,798.900378950077,32.3,-0.5090820277536,-0.824892558545678,32.3,NA,NA,-0.5090820277536,-0.824892558545678,7.63946694582716,7.63946694582716,566.9153779183,469.959574188744,0.709619613228055,0.588258043895748,7.63946694582716,7.78014350588202,-0.330798070975886,0.617158346493685,689.340295583302,439.838937246345,0.175384848070804,-0.566228204936943,0.926749141002502,-1.59888351378734,712.105795958307,388.95266207552,809.63522498627,296.149121480741,345.636137687354,308.378402431854,363.512713468496,0.509534574231926,0.346350961670884,100,NA NA NA ABCO PIPO PILA,638241.815486577,60.5306329721182,95097.2390864225,high.sev,highsev,,,2009,0,1,0,1
31,MOO1200397,Moonlight,2007,245,20,30,5,10,0,5,4,10,2012,NA,NA,MOO,Y,2007,5,6899.67593020191,6899.67593020191,7.98288284513093,493.507721223094,410.314701724576,8.09910337705716,725.442810508829,3.7,-0.534164233453531,-0.839044700441798,3.7,NA,NA,-0.534164233453531,-0.839044700441798,7.98288284513093,7.98288284513093,493.507721223094,410.314701724576,0.680284805465155,0.565605855872745,7.98288284513093,8.09910337705716,-0.34553472765679,0.612148854893351,736.359029379412,436.315458084071,0.044341562537591,-0.305614670237901,0.820666040128059,-1.43435482199158,742.215126722275,407.786055414937,844.742675375147,302.417153218151,309.355294337359,259.021316738246,321.274361362748,0.561147724165633,0.455161723142258,100,NA NA NA PIPO CADE27 PSME,526267.271318949,65.5954755122587,67092.0425248148,high.sev,highsev,,2009,,0,0,1,1
32,MOO1200437,Moonlight,2007,94,39,67,0.5,0,0,0.5,5,0,2012,NA,NA,MOO,Y,2007,5,6357.33469479078,6357.33469479078,8.10054631877328,472.54876625253,393.569452991812,8.21285511060332,710.048188540988,22.3,-0.535544920005258,-0.83680907269585,22.3,NA,NA,-0.535544920005258,-0.83680907269585,8.10054631877328,8.10054631877328,472.54876625253,393.569452991812,0.665516473217863,0.554285553210862,8.10054631877328,8.21285511060332,-0.347967904781242,0.609582266302948,748.536481602221,426.71088404009,0.008701654310634,-0.249576286648718,0.785134422137621,-1.40032699244742,749.66061620753,403.690317349839,849.965099912829,297.546685988024,302.083380241708,244.361959126462,309.869646078235,0.606845088893478,0.535710462659797,65,NA NA NA PIPO ABCO,504168.430050338,67.4509890677631,59712.7670681227,high.sev,highsev,,2009,,0,0,1,1
33,MOO1200438,Moonlight,2007,210,9,50,8,0.5,0,0,4,40,2012,NA,NA,MOO,Y,2007,5,6187.0648449348,6187.0648449348,8.04241833546084,477.312474036973,397.3752409864,8.15686233259192,716.113857808648,9,-0.535201320090124,-0.837532757767592,9,NA,NA,-0.535201320090124,-0.837532757767592,8.04241833546084,8.04241833546084,477.312474036973,397.3752409864,0.666531542201374,0.554905112718238,8.04241833546084,8.15686233259192,-0.345821478691138,0.613543984438006,745.861944137555,428.694675817089,0.015135428106464,-0.261015448197513,0.790784885808673,-1.40682602918033,747.822606222381,404.619867312724,848.301196727748,298.93581485556,304.692714141704,249.010183530933,313.088397787503,0.588310956884561,0.512296124894599,80,NA NA NA ABCO PIPO PICO,512819.057345585,66.5344031128569,62006.0715021089,high.sev,highsev,,2009,,0,0,1,1
34,MOO1201556,Moonlight,2007,152,14,12,7,15,0,0,5,5,2012,NA,NA,MOO,Y,2007,5,5983.24780333571,5983.24780333571,7.71617546497994,441.759420849288,370.154373104249,7.71864979460214,627.275933343675,39,-0.531580327687512,-0.825085696873062,39,NA,NA,-0.531580327687512,-0.825085696873062,7.71617546497994,7.71617546497994,441.759420849288,370.154373104249,0.704250549665604,0.590098158447037,7.71617546497994,7.71864979460214,-0.373478831976183,0.546583401735946,766.599680439664,408.353289643247,-0.050237860828209,-0.167477056671234,0.714538775549893,-1.34690305706434,760.376535221454,393.011903843623,855.112178603041,284.973049723697,276.713945497713,219.282226998501,282.229704467689,0.611081210034338,0.558241792941554,95,NA NA NA PIPO PSME ABCO,393475.096552179,59.5775546517117,48084.6950774221,high.sev,highsev,,2010,2009,0,1,1,1
35,MOO1201656,Moonlight,2007,162,2,0,1,99,0,0,5,0,2012,NA,NA,MOO,Y,2007,5,6025.8495620304,6025.8495620304,8.99169266057576,534.352690004245,446.621716289361,9.13371749563868,733.717452402264,56,-0.508885247302918,-0.827516586767872,56,NA,NA,-0.508885247302918,-0.827516586767872,8.99169266057576,8.99169266057576,534.352690004245,446.621716289361,0.728281286283597,0.608710771192749,8.99169266057576,9.13371749563868,-0.364988479012067,0.566145106399623,730.313717780365,444.109975628719,0.080871705291215,-0.359521123598086,0.94246349981754,-1.60389034863674,740.17797673388,412.556923975432,845.269918876397,303.345965686097,272.899449149119,241.529990907803,287.216532289669,0.446140564883976,0.310049392225119,NA,NA NA NA PIPO,538341.299959669,83.4247952901361,58336.7365079234,high.sev,highsev,,2010,2009,0,1,1,1
36,MOO1201672,Moonlight,2007,29,18,95,0.5,0.5,0,0,5,0,2012,NA,NA,MOO,Y,2007,5,5866.02713826828,5866.02713826828,9.0161364069329,533.471275634218,446.028570075928,9.15942702575895,730.929979021801,65,-0.50823670968509,-0.826632758302648,65,NA,NA,-0.50823670968509,-0.826632758302648,9.0161364069329,9.0161364069329,533.471275634218,446.028570075928,0.729852777892841,0.610220654340714,9.0161364069329,9.15942702575895,-0.36786733199305,0.56189676113111,731.314470626311,443.491848739724,0.076766703169166,-0.35293376417784,0.938242982028076,-1.59672992123044,740.67807485908,412.438265940792,845.756482529886,303.000374561933,268.832192489904,237.167104694575,283.01954610985,0.44694335291442,0.312385977947203,110,NA NA NA PIPO CADE27,534258.63423281,83.8951034402034,56248.2355492075,high.sev,highsev,,2010,,0,0,1,1
37,MOO1201684,Moonlight,2007,8,22,60,12,0,0,0,5,0,2012,NA,NA,MOO,Y,2007,5,5518.14620786467,5518.14620786467,9.0989486998707,534.039627018252,446.55180280809,9.23893643000287,732.081463494382,58,-0.506053232413844,-0.825468879569891,58,NA,NA,-0.506053232413844,-0.825468879569891,9.0989486998707,9.0989486998707,534.039627018252,446.55180280809,0.72948114881801,0.609975562933396,9.0989486998707,9.23893643000287,-0.367737909239923,0.564697957313568,732.842336418191,444.275161029708,0.07209161386522,-0.344763376811644,0.949717434917135,-1.6099830930777,741.546500727003,413.985209373694,847.508885788507,302.826523105018,268.762355405793,237.972539330184,283.4543383077,0.443233909453212,0.303908096921296,100,NA NA NA PIPO ABCO CADE27,535943.269192076,85.3579463576342,56630.929475256,high.sev,highsev,,2010,,0,0,1,1
38,MOO1201700,Moonlight,2007,168,10,30,4,3,0,0,5,0,2012,NA,NA,MOO,Y,2007,5,5273.38613271605,5273.38613271605,9.06417946415473,533.100293039465,445.900823032404,9.19900238519005,728.530387436517,24,-0.505483173637227,-0.8246377656879,24,NA,NA,-0.505483173637227,-0.8246377656879,9.06417946415473,9.06417946415473,533.100293039465,445.900823032404,0.731747504610326,0.612055215159106,9.06417946415473,9.19900238519005,-0.369083881064734,0.564053861379801,733.769618385967,443.673016925657,0.068510213493366,-0.339972404089962,0.947081939600947,-1.60710802115489,742.030684778302,413.798211579395,847.970208094862,302.449674310724,270.602213779425,240.008599584716,285.296064801033,0.440553348178763,0.301374634384952,55,NA NA NA PIPO CADE27 PSME,530756.525418402,84.6216448827322,57604.1278746165,high.sev,highsev,,2010,,0,0,1,1
39,MOO1201728,Moonlight,2007,199,18,25,0.5,55,0,0.5,5,0,2012,NA,NA,MOO,Y,2007,5,7078.34516273455,7078.34516273455,7.97272601569193,480.16203941394,407.753780358301,7.94220658228046,680.58141409388,42,-0.54005348458661,-0.819610895920613,42,NA,NA,-0.54005348458661,-0.819610895920613,7.97272601569193,7.97272601569193,480.16203941394,407.753780358301,0.705517414185082,0.599125647445399,7.97272601569193,7.94220658228046,-0.369174515897017,0.556596011283784,747.347425090497,414.553435613489,0.035043736796645,-0.301883909221388,0.796902043315569,-1.46165275031974,751.658532631171,388.04128022492,845.382929353403,286.187651095353,285.121716396794,235.329087404657,292.146484492063,0.561722750529825,0.493020673910619,56,NA NA NA PIPO,463191.061210025,63.0786453956191,55379.7793787087,high.sev,highsev,2009,2009,,1,0,1,1
40,MOO1201731,Moonlight,2007,266,52,27,0.5,0.5,0,0.5,4,180,2012,NA,NA,MOO,Y,2007,5,6509.3961216082,6509.3961216082,8.92423631599985,530.079853644714,443.764865556476,9.04889219566031,721.598536398619,2.9,-0.505432404731328,-0.822927333105964,2.9,NA,NA,-0.505432404731328,-0.822927333105964,8.92423631599985,8.92423631599985,530.079853644714,443.764865556476,0.734591087573786,0.61497473064626,8.92423631599985,9.04889219566031,-0.373059759913172,0.56194508292407,735.43898632716,440.977370425186,0.062375958231625,-0.332931723748315,0.938196185303727,-1.5995464882858,742.961237598772,411.809276856045,848.581095049817,300.841365621448,275.114085851806,244.378506254314,289.402824110778,0.436071604391929,0.301123563956123,60,NA NA NA PSME ABCO PIPO,520704.447732629,81.8824499686821,59720.8543190898,high.sev,highsev,,2010,,0,0,1,1
41,MOO1201732,Moonlight,2007,232,8,70,5,5,0,1,5,0,2012,NA,NA,MOO,Y,2007,5,6282.36132261695,6282.36132261695,7.9711090849474,481.609063193471,408.459706213284,7.93741760203031,672.205721199634,15,-0.538620589008594,-0.820655641103425,15,NA,NA,-0.538620589008594,-0.820655641103425,7.9711090849474,7.9711090849474,481.609063193471,408.459706213284,0.716460821449094,0.607640924989953,7.9711090849474,7.93741760203031,-0.369781654765786,0.551642964326017,747.335973696582,415.849565073644,0.033865013939115,-0.299565989387135,0.800537004002967,-1.46457640853263,751.500830074622,389.472412852555,845.789252144177,286.891818747651,286.231811450034,237.729415796037,293.090190252117,0.544330211943514,0.477706113808801,90,NA NA NA PIPO,451860.53161352,63.0025981890206,56515.275134725,high.sev,highsev,,2009,,0,0,1,1
42,MOO1201749,Moonlight,2007,110,21,27,4,6,0,0,5,0,2012,NA,NA,MOO,Y,2007,5,5573.04353875751,5573.04353875751,8.05967024615041,485.705093880103,413.678070291321,8.00710223883008,700.299199335028,49.2,-0.542256768768455,-0.81769067504129,49.2,NA,NA,-0.542256768768455,-0.81769067504129,8.05967024615041,8.05967024615041,485.705093880103,413.678070291321,0.693567969721094,0.590716183431497,8.05967024615041,8.00710223883008,-0.36467411959706,0.569550484724901,743.898515017639,414.518121821074,0.050173654483891,-0.333079507130812,0.806844836329922,-1.48010519097902,750.063367618907,385.587669889863,843.0357921252,285.959891236392,291.996699884911,242.821031005433,299.440021753942,0.564230816028745,0.490707720122777,55,NA NA NA PIPO,490418.968589281,64.1136862630777,58962.0530985415,high.sev,highsev,2009,2009,,1,0,1,1
43,MOO1201941,Moonlight,2007,74,9,45,0.5,7,0,0,5,0,2012,NA,NA,MOO,Y,2007,5,6332.45964470385,6332.45964470385,7.70507581238542,514.604432132988,441.047640156081,7.6619214665862,758.104284510646,9.7,-0.54263566148593,-0.812474399386315,9.7,NA,NA,-0.54263566148593,-0.812474399386315,7.70507581238542,7.70507581238542,514.604432132988,441.047640156081,0.678804278840296,0.581777005047236,7.70507581238542,7.6619214665862,-0.338223935252868,0.617050514952317,728.460741949318,417.808296427583,0.112109627767567,-0.476391457713246,0.866776747661077,-1.64438561626429,742.147622847601,377.942602027121,834.28100330309,280.201768449141,323.109922821438,291.558608547154,339.655818900705,0.479680823579317,0.315341851210749,8,NA NA NA PIPO CADE27 PSME,574722.106193399,58.7050405601344,85006.4222179526,high.sev,highsev,,2010,2009,0,1,1,1
44,MOO1201942,Moonlight,2007,262,10,45,5,1,0,0,5,0,2012,NA,NA,MOO,Y,2007,5,5838.10860459652,5838.10860459652,7.74283494569497,514.8347448422,441.043867661933,7.70912212907192,751.771027144522,46,-0.541855241001945,-0.812653378498326,46,NA,NA,-0.541855241001945,-0.812653378498326,7.74283494569497,7.74283494569497,514.8347448422,441.043867661933,0.684829191672516,0.586673138145753,7.74283494569497,7.70912212907192,-0.340455828246347,0.614944935117251,728.995495673141,418.354506747965,0.109655001002941,-0.471751991460998,0.866234441940454,-1.6411184440117,742.37496664442,378.823184746763,834.688427726042,280.833981500321,322.595033940669,291.977006247183,339.400286195419,0.472091953955944,0.305585699438934,50,NA NA NA PIPO ABCO PILA,565159.67725393,59.4305640009464,85250.5721770675,high.sev,highsev,,2010,2009,0,1,1,1
45,MOO1201957,Moonlight,2007,144,11,41,5,3,0,0,4,40,2012,NA,NA,MOO,Y,2007,5,7037.06492985428,7037.06492985428,7.52692252864948,514.961350678993,441.812119657995,7.48749824346044,778.265232062684,11.8,-0.543579595632365,-0.811711621769778,11.8,NA,NA,-0.543579595632365,-0.811711621769778,7.52692252864948,7.52692252864948,514.961350678993,441.812119657995,0.661678473435282,0.567688368253369,7.52692252864948,7.48749824346044,-0.330337934302611,0.626486552817102,725.751307763595,415.350822866206,0.122389527628759,-0.493380414113815,0.873298776716673,-1.65670068112465,740.598519004132,374.788504554405,831.692164511934,279.148374506242,327.194331042709,295.596579565866,344.321621765272,0.487278694541939,0.316371309129162,100,NA NA NA PIPO ABCO PSME,605696.771437583,56.0626299458232,87377.3378510394,high.sev,highsev,,,2010,0,1,0,1
46,MOO1201960,Moonlight,2007,202,28,17,5,11,0,0,5,20,2012,NA,NA,MOO,Y,2007,5,5976.48739772309,5976.48739772309,7.68774486933859,516.286573793644,442.47872840492,7.66639254734304,759.72327718354,15.1,-0.54151323149947,-0.81201863724306,15.1,NA,NA,-0.54151323149947,-0.81201863724306,7.68774486933859,7.68774486933859,516.286573793644,442.47872840492,0.679571877417829,0.582420917844304,7.68774486933859,7.66639254734304,-0.337809872105579,0.618022754041111,726.861829179844,417.479856648959,0.119460698886217,-0.490405897805302,0.877406185423665,-1.66691854602471,741.353082421749,376.918031465278,833.29612386866,279.607822560713,325.481674437468,296.50083122449,343.268468006058,0.465388816456942,0.28909367405702,50,NA NA NA PIPO PILA CADE27,577179.457894498,58.7735746899569,87912.7429168135,high.sev,highsev,,2009,2010,0,1,1,1
47,MOO1202133,Moonlight,2007,246,24,4,50,1,0,0,4,0,2012,NA,NA,MOO,Y,2007,5,6752.93825152108,6752.93825152108,7.0286899925373,533.181238952564,458.964483081791,7.13532649301507,806.478855525488,11.5,-0.538385501289401,-0.805219255182664,11.5,NA,NA,-0.538385501289401,-0.805219255182664,7.0286899925373,7.0286899925373,533.181238952564,458.964483081791,0.66112240302339,0.569096734449085,7.0286899925373,7.13532649301507,-0.316733063862904,0.657323511088103,716.281473246736,400.70401118925,0.113400199311248,-0.474593120712205,0.830533615847339,-1.48559508232448,729.65160350871,363.605818249268,814.203193828101,284.577395379783,346.701017828986,332.150784573891,372.340372436616,0.394979747947768,0.142617718186257,25,NA NA NA PIPO CADE27 ABCO,650408.144409701,50.9128841619227,110324.143693051,high.sev,highsev,,2009,,0,0,1,1
48,PWR0900080,Power,2004,202,15,21,20,5,0,NA,4,0,2009,NA,NA,PWR,Y,2004,5,7078.68764345219,7078.68764345219,11.6328651134096,1365.95479690987,831.879887580429,11.3835707031847,1289.86838532796,23.94,0.552617598758453,-0.818022348980303,23.94,NA,NA,0.552617598758453,-0.818022348980303,11.6328651134096,11.6328651134096,1365.95479690987,831.879887580429,1.05898773273877,0.644933930502465,11.6328651134096,11.3835707031847,-0.092501262701332,0.410605038341719,634.754552035135,656.080878179234,-0.252494945332618,0.304138720775774,0.849340453987825,-0.730436933797969,604.01234819694,686.563509096133,738.164928548307,582.87204964125,202.338494208594,256.617228827766,297.326963840102,0.397510953783285,-0.526399901359627,30,NA NA NA CADE27 PIPO PILA QUCH2 QUKE,1663760.45146856,129.585681954405,65852.402131242,high.sev,highsev,2008,2006,,1,0,1,1
49,PWR0900281,Power,2004,162,40,10,15,10,5,NA,4,0,2009,NA,NA,PWR,Y,2004,5,7077.93080421082,7077.93080421082,13.0522364244791,1334.08172395331,803.53906175573,12.9114364024435,1151.09771570462,27.67,0.55078407667406,-0.836657609305455,27.67,NA,NA,0.55078407667406,-0.836657609305455,13.0522364244791,13.0522364244791,1334.08172395331,803.53906175573,1.15896479139191,0.698063292796877,13.0522364244791,12.9114364024435,-0.065758328294084,0.347563264236495,650.962548649303,663.264551988097,-0.274825147210478,0.330617481259521,0.845494278622186,-0.793112894111368,617.012806493554,697.064745479629,755.408277305277,582.18181800964,24.6104629729825,61.9662022709575,63.9682325325301,0.035128053308899,-0.879790547351749,30,NA NA NA PIPO PILA QUCH2 QUKE,1325025.95110039,166.705189974343,3839.81022388522,high.sev,highsev,,,2005,0,1,0,1
50,RAL1100049,Ralston,2006,236,40,25,10,10,15,15,4,0,2011,NA,NA,RAL,Y,2006,5,7184.87702834143,7184.87702834143,13.4216152445803,1073.37694149442,962.648030039025,13.0598440809012,1472.52422570923,8.2,-0.636597794783791,-0.877038498922196,8.2,NA,NA,-0.636597794783791,-0.877038498922196,13.4216152445803,13.4216152445803,1073.37694149442,962.648030039025,0.728936694387787,0.653740029014037,13.4216152445803,13.0598440809012,0.277147118344774,0.697107680993015,644.185999722237,670.87260245879,0.522992502208004,-0.52616363108381,1.21537168082754,-1.59275186542902,706.652242871246,620.550289066637,789.350036702634,518.541742260496,17.9401758126123,43.3397796903913,43.9152259378099,0.041734523917376,-0.817000214463754,90,NA NA NA QUKE PIPO,2168327.59530057,170.55952741745,1878.33650361165,high.sev,highsev,,,2008,0,1,0,1
51,RAL1100549,Ralston,2006,134,56,40,21,30,10,0,5,0,2011,NA,NA,RAL,Y,2006,5,7093.92023031831,7093.92023031831,14.1518401658923,941.761210540683,823.076000449076,13.8232682520793,1263.2852239403,55,-0.682272969554765,-0.966553296693307,55,NA,NA,-0.682272969554765,-0.966553296693307,14.1518401658923,14.1518401658923,941.761210540683,823.076000449076,0.745485811670658,0.651536157354733,14.1518401658923,13.8232682520793,0.245989357282808,0.655956353064723,672.405118482204,654.088513967164,0.59274779307688,-0.580139866895445,1.37515403552014,-1.70084529247655,745.186125800324,595.865319875408,841.254496061839,483.390633620045,1.9666135764206,8.43874682428447,5.70351123587586,-0.328632777793449,-0.78313267140424,90,NA NA NA QUCH2 QUKE PIPO,1595889.55702589,191.082745168944,71.2124479643712,high.sev,highsev,2010,2010,,1,0,1,1
52,RAL1100626,Ralston,2006,158,23,45,5,5,5,25,5,0,2011,NA,NA,RAL,Y,2006,5,6561.40368156775,6561.40368156775,14.3015485380118,908.132131564697,787.235035407261,13.9452632184699,1183.24401174386,36,-0.691945500875034,-0.989158098074371,36,NA,NA,-0.691945500875034,-0.989158098074371,14.3015485380118,14.3015485380118,908.132131564697,787.235035407261,0.767493536879427,0.665319264322358,14.3015485380118,13.9452632184699,0.243773108880843,0.65788399417254,682.335652006338,648.694999220808,0.600700470308325,-0.596883723618111,1.40569448682348,-1.73061101107098,756.387421382201,588.179521530701,855.623620130861,473.235780135576,0.896134531088128,6.19694575797611,6.64549744510558,0.077413458788877,-0.973104009686688,60,NA NA NA PIPO QUKE QUCH2 PILA,1400066.3913277,194.47036623241,38.4021367272981,high.sev,highsev,2010,2010,,1,0,1,1
53,RAL1101033,Ralston,2006,288,19,25,10,30,55,2,4,80,2011,NA,NA,RAL,Y,2006,5,3716.89288230219,3716.89288230219,14.8712015048877,868.757010537364,741.815224156537,14.6179031754899,1092.91408369606,2.8,-0.695479476334065,-1.01761039961673,2.8,NA,NA,-0.695479476334065,-1.01761039961673,14.8712015048877,14.8712015048877,868.757010537364,741.815224156537,0.794899638953656,0.678749807713921,14.8712015048877,14.6179031754899,0.22675076276083,0.567902964629785,690.86534044743,642.398863948245,0.57543227735049,-0.616616887030856,1.46776384029497,-1.76850299657595,762.206616066316,579.306202443432,872.836614558179,461.444428090196,2.20969030459281,6.79979776156725,12.5058372274833,0.900309138935604,-0.766463165618136,170,NA NA NA PSME QUKE ARME,1194461.1943412,213.683093247998,46.237249598215,high.sev,highsev,2009,2008,2008,1,1,1,1
54,RAL1101079,Ralston,2006,8,15,75,13,2,10,0.5,5,0,2011,NA,NA,RAL,Y,2006,5,3613.63996517589,3613.63996517589,14.661061607611,867.444369632208,740.215933855061,14.316232285924,1140.23191475877,6,-0.697486479673345,-1.02069751239957,6,NA,NA,-0.697486479673345,-1.02069751239957,14.661061607611,14.661061607611,867.444369632208,740.215933855061,0.760761348989014,0.649180157364445,14.661061607611,14.316232285924,0.236971713277869,0.618218728581114,691.791681158094,641.622606319721,0.581905421115963,-0.624262067113725,1.47607820827886,-1.77673058222798,763.797227872466,577.749030571675,874.443044289337,459.830148622408,2.23812960053307,7.05827016652784,11.7523088392567,0.7441249768256,-0.8091398786926,200,NA NA NA ACMA PSME,1300128.81943445,204.954506864533,49.8191777436969,high.sev,highsev,2009,2008,2008,1,1,1,1
55,RAL1101080,Ralston,2006,282,20,75,8,2,15,1,5,20,2011,NA,NA,RAL,Y,2006,5,4719.48459892325,4719.48459892325,14.5837241931929,868.742274394729,741.628371780566,14.2231662494294,1157.5666103168,35,-0.697851805477848,-1.02042326437627,35,NA,NA,-0.697851805477848,-1.02042326437627,14.5837241931929,14.5837241931929,868.742274394729,741.628371780566,0.750490094178662,0.640678787009586,14.5837241931929,14.2231662494294,0.239077727632082,0.629321439273356,691.547201477316,641.728806016469,0.583017152665769,-0.625627870972636,1.47723014790292,-1.77777590085129,763.641492158388,577.73428344314,874.217401142624,459.882815299209,2.17411569644196,7.05834606204912,11.3842777222601,0.691136242555787,-0.826124226245014,200,NA NA NA QUKE PSME,1339960.45732033,202.298458158908,49.8202491316443,high.sev,highsev,2009,2008,2008,1,1,1,1
56,RCH1100259,Rich,2008,104,10,75,0,0.5,2,0.5,4,0,2012,NA,NA,RCH,n,2008,4,6213.00773851583,6213.00773851583,9.21224801660983,1007.91526506127,881.194373113056,9.7975759153439,1131.81273107565,22,0.13640335036756,-0.207269436932124,22,NA,NA,0.13640335036756,-0.207269436932124,9.21224801660983,9.21224801660983,1007.91526506127,881.194373113056,0.890531832155105,0.778569059101843,9.21224801660983,9.7975759153439,-0.741092672170139,0.576757795691835,699.439566741825,562.800574815569,-0.868029192784026,0.733461253185033,-0.067678740803712,0.354375314619234,589.770480845608,635.450967278168,690.888857041907,597.901959618577,152.880145108738,154.234921857013,209.446162687509,0.632560489664532,-0.069473491822098,20,NA NA NA PILA ABCO PSME,1281000.05822492,95.9924938169269,23788.4111202389,high.sev,highsev,,2011,,0,0,1,1
57,STY0900024,Straylor,2004,8,28,30,3,2,NA,NA,5,0,2009,NA,NA,STY,Y,2004,5,4016.73230141148,4016.73230141148,8.96387301670103,513.076051156316,348.716090590295,8.82886657767144,474.941200665688,16.6,0.28509364771971,-0.773040950181345,16.6,NA,NA,0.28509364771971,-0.773040950181345,8.96387301670103,8.96387301670103,513.076051156316,348.716090590295,1.08029383518881,0.734230027004452,8.96387301670103,8.82886657767144,0.012749565096674,0.337062634770486,779.667743663364,416.997573025304,-0.171425294470517,0.244734234932279,0.677400369836403,-0.662426576223445,756.381069054266,442.224242611875,871.686847618734,348.716090590385,98.3982974315437,141.384812111329,143.996208718891,0.018837449252555,-0.624743494468225,70,NA NA NA PIPO CADE27 ABCO PILA,225569.144089765,77.9488850463238,19989.6650957558,high.sev,highsev,,2006,,0,0,1,1
58,STY0900060,Straylor,2004,226,12,59,5,7,NA,NA,5,0,2009,NA,NA,STY,Y,2004,5,5423.02878814888,5423.02878814888,8.10482770238873,519.160857759842,346.712760329598,7.96879321167421,492.301102605122,38,0.294260416042573,-0.788029599382199,38,NA,NA,0.294260416042573,-0.788029599382199,8.10482770238873,8.10482770238873,519.160857759842,346.712760329598,1.05455960795657,0.704269721304481,8.10482770238873,7.96879321167421,0.010669614405712,0.354168470337799,772.935497090002,414.984941190752,-0.190576190210207,0.258720662052373,0.696881154706011,-0.671807499847653,747.357234478648,441.277329763601,866.467691034656,346.712760329629,102.619701433008,146.274794520435,149.984429170616,0.036845011366319,-0.584081187630598,5,NA NA NA PIPO PIJE,242360.375626219,63.501665250425,21396.3155119955,high.sev,highsev,,2007,,0,0,1,1
